county,fips,cases,deaths
Baker,41001,2953,42
Benton,41003,12926,52
Clackamas,41005,54606,482
Clatsop,41007,4086,37
Columbia,41009,6656,69
Coos,41011,9429,131
Crook,41013,5344,63
Curry,41015,2861,41
Deschutes,41017,41726,231
Douglas,41019,17654,332
Gilliam,41021,251,4
Grant,41023,1469,18
Harney,41025,1435,35
Hood River,41027,3167,40
Jackson,41029,38244,433
Jefferson,41031,6587,71
Josephine,41033,14451,296
Klamath,41035,12719,181
Lake,41037,1238,23
Lane,41039,50151,409
Lincoln,41041,5960,64
Linn,41043,23186,223
Malheur,41045,7651,98
Marion,41047,62481,581
Morrow,41049,2826,26
Multnomah,41051,102610,963
Polk,41053,13485,117
Sherman,41055,290,3
Tillamook,41057,3216,54
Umatilla,41059,21069,194
Union,41061,4649,66
Wallowa,41063,1107,14
Wasco,41065,4587,53
Washington,41067,76872,474
Wheeler,41069,207,3
Yamhill,41071,15728,177
Belknap,33001,12224,158
Carroll,33003,8343,46
Cheshire,33005,12829,91
Coos,33007,6172,93
Grafton,33009,14956,53
Hillsborough,33011,89953,829
Merrimack,33013,29097,202
Rockingham,33015,61224,468
Strafford,33017,25464,185
Sullivan,33019,8202,60
Barnstable,25001,32973,619
Berkshire,25003,20592,374
Bristol,25005,143754,2283
Dukes,25007,3299,0
Essex,25009,197960,2964
Franklin,25011,9382,150
Hampden,25013,126374,1923
Hampshire,25015,24165,378
Middlesex,25017,305536,4443
Nantucket,25019,3251,0
Norfolk,25021,124407,2091
Plymouth,25023,111040,1842
Suffolk,25025,198467,2156
Worcester,25027,182221,2793
Adams,17001,21186,218
Alexander,17003,1212,13
Bond,17005,4129,34
Boone,17007,13087,114
Brown,17009,2297,19
Bureau,17011,7921,135
Calhoun,17013,1483,7
Carroll,17015,3865,45
Cass,17017,4421,43
Champaign,17019,58288,271
Christian,17021,9513,121
Clark,17023,4498,55
Clay,17025,4468,67
Clinton,17027,11387,119
Coles,17029,14466,158
Cook,17031,1080784,13897
Crawford,17033,5792,54
Cumberland,17035,3191,48
DeKalb,17037,21861,186
De Witt,17039,4166,40
Douglas,17041,6206,56
DuPage,17043,197510,1666
Edgar,17045,4825,76
Edwards,17047,1700,26
Effingham,17049,10192,136
Fayette,17051,6780,92
Ford,17053,4217,70
Franklin,17055,11634,161
Fulton,17057,9488,117
Gallatin,17059,1254,13
Greene,17061,3477,55
Grundy,17063,12170,127
Hamilton,17065,2051,31
Hancock,17067,4109,53
Hardin,17069,1002,18
Henderson,17071,1083,26
Henry,17073,11929,139
Iroquois,17075,6853,105
Jackson,17077,14549,116
Jasper,17079,2555,26
Jefferson,17081,10314,162
Jersey,17083,5997,79
Jo Daviess,17085,3752,36
Johnson,17087,3911,44
Kane,17089,119128,1084
Kankakee,17091,27864,353
Kendall,17093,29089,152
Knox,17095,11949,228
Lake,17097,140282,1308
LaSalle,17099,27376,414
Lawrence,17101,5168,49
Lee,17103,8243,113
Livingston,17105,10213,139
Logan,17107,9006,96
McDonough,17109,6646,90
McHenry,17111,70038,449
McLean,17113,46683,305
Macon,17115,29079,327
Macoupin,17117,12136,157
Madison,17119,67329,796
Marion,17121,11242,194
Marshall,17123,2624,30
Mason,17125,3692,59
Massac,17127,3586,67
Menard,17129,3355,22
Mercer,17131,3787,40
Monroe,17133,9080,117
Montgomery,17135,9142,100
Morgan,17137,8969,130
Moultrie,17139,3905,50
Ogle,17141,13166,133
Peoria,17143,44464,523
Perry,17145,6980,99
Piatt,17147,4138,26
Pike,17149,4808,66
Pope,17151,909,7
Pulaski,17153,1639,16
Putnam,17155,1077,8
Randolph,17157,9775,119
Richland,17159,4923,79
Rock Island,17161,31498,486
St. Clair,17163,66152,733
Saline,17165,7246,100
Sangamon,17167,52195,387
Schuyler,17169,1895,28
Scott,17171,1219,10
Shelby,17173,5863,67
Stark,17175,1423,31
Stephenson,17177,10883,167
Tazewell,17179,35042,467
Union,17181,5041,64
Vermilion,17183,26794,282
Wabash,17185,3549,23
Warren,17187,3793,80
Washington,17189,3280,39
Wayne,17191,4972,74
White,17193,4128,48
Fairfield,09001,193175,2547
Whiteside,17195,14378,254
Hartford,09003,169521,2889
Will,17197,155292,1463
Litchfield,09005,29959,413
Williamson,17199,21106,239
Middlesex,09007,25960,453
New Haven,09009,183151,2595
Winnebago,17201,72999,780
New London,09011,51160,587
Woodford,17203,9879,117
Tolland,09013,19288,248
Windham,09015,24498,274
Addison,50001,3721,13
Bennington,50003,8002,56
Caledonia,50005,4279,22
Chittenden,50007,24376,147
Essex,50009,1055,3
Franklin,50011,7909,58
Grand Isle,50013,824,4
Lamoille,50015,3108,12
Orange,50017,3034,10
Orleans,50019,4762,31
Rutland,50021,10534,53
Washington,50023,7911,41
Windham,50025,5250,33
Windsor,50027,6855,47
Autauga,01001,14742,166
Baldwin,01003,52649,612
Barbour,01005,5263,84
Bibb,01007,6107,96
Blount,01009,14056,207
Bullock,01011,2234,47
Butler,01013,4784,108
Calhoun,01015,30046,554
Chambers,01017,8181,148
Cherokee,01019,4822,69
Chilton,01021,9977,183
Choctaw,01023,1778,33
Clarke,01025,6756,89
Clay,01027,3902,72
Cleburne,01029,3382,63
Coffee,01031,12807,203
Colbert,01033,15233,219
Conecuh,01035,2757,63
Coosa,01037,2761,51
Covington,01039,8910,205
Crenshaw,01041,3620,82
Adams,42001,23678,323
Cullman,01043,23013,324
Allegheny,42003,251318,2979
Dale,01045,11828,204
Armstrong,42005,14593,299
Dallas,01047,7813,220
Beaver,42007,37867,673
DeKalb,01049,17619,290
Bedford,42009,10393,249
Elmore,01051,22052,308
Berks,42011,99047,1486
Escambia,01053,9596,152
Blair,42013,27798,563
Etowah,01055,27123,544
Bradford,42015,14056,185
Fayette,01057,4380,86
Bucks,42017,118542,1733
Franklin,01059,9144,117
Butler,42019,42483,670
Geneva,01061,5842,142
Cambria,42021,32639,668
Greene,01063,1731,47
Cameron,42023,766,18
Hale,01065,4383,95
Carbon,42025,15304,259
Henry,01067,4220,67
Centre,42027,33344,321
Houston,01069,23684,448
Chester,42029,87448,1058
Jackson,01071,13988,210
Clarion,42031,7854,188
Jefferson,01073,175014,2080
Clearfield,42033,17977,296
Lamar,01075,3412,60
Clinton,42035,8503,117
Lauderdale,01077,22518,336
Columbia,42037,13983,214
Lawrence,01079,7088,143
Crawford,42039,18931,278
Lee,01081,36183,285
Cumberland,42041,48339,804
Limestone,01083,23342,241
Dauphin,42043,56744,863
Lowndes,01085,2516,68
Delaware,42045,106126,1711
Macon,01087,3667,70
Elk,42047,6719,84
Madison,01089,82478,808
Erie,42049,54571,681
Marengo,01091,4532,94
Fayette,42051,28805,586
Marion,01093,7552,138
Forest,42053,2137,34
Marshall,01095,25848,343
Franklin,42055,38474,617
Mobile,01097,107243,1459
Fulton,42057,3868,58
Monroe,01099,5010,69
Greene,42059,7867,92
Montgomery,01101,52396,812
Huntingdon,42061,10778,224
Morgan,01103,33760,448
Indiana,42063,16216,324
Perry,01105,1953,41
Jefferson,42065,8384,204
Pickens,01107,4857,93
Juniata,42067,4503,165
Pike,01109,7057,118
Lackawanna,42069,40571,664
Randolph,01111,4837,69
Lancaster,42071,116426,1725
Russell,01113,9483,69
Lawrence,42073,18201,377
St. Clair,01115,23910,376
Lebanon,42075,35374,464
Shelby,01117,56338,397
Lehigh,42077,86931,1161
Sumter,01119,2271,43
Luzerne,42079,70109,1197
Talladega,01121,20841,319
Lycoming,42081,26943,481
Tallapoosa,01123,10835,212
McKean,42083,7680,124
Tuscaloosa,01125,51690,687
Mercer,42085,22533,460
Walker,01127,17395,395
Mifflin,42087,11460,255
Washington,01129,3447,53
Monroe,42089,35643,468
Wilcox,01131,2682,38
Montgomery,42091,145001,2150
Winston,01133,6919,115
Montour,42093,4251,84
Northampton,42095,76968,1003
Northumberland,42097,21624,495
Perry,42099,8405,167
Philadelphia,42101,296109,4664
Pike,42103,9387,84
Potter,42105,2967,86
Schuylkill,42107,32871,628
Snyder,42109,7687,145
Somerset,42111,17756,370
Sullivan,42113,1003,32
Susquehanna,42115,7301,100
Tioga,42117,7496,184
Union,42119,11036,137
Venango,42121,10790,218
Warren,42123,6838,195
Washington,42125,48271,582
Wayne,42127,9565,154
Westmoreland,42129,75550,1241
Wyoming,42131,4775,96
York,42133,113904,1366
Atlantic,34001,66205,917
Bergen,34003,212807,3293
Burlington,34005,97344,1093
Camden,34007,120876,1669
Cape May,34009,21108,273
Cumberland,34011,36839,561
Essex,34013,205202,3445
Gloucester,34015,66932,869
Hudson,34017,164152,2611
Hunterdon,34019,23378,247
Mercer,34021,72305,1178
Middlesex,34023,183481,2748
Monmouth,34025,157697,1999
Morris,34027,113311,1454
Ocean,34029,155908,2725
Passaic,34031,139563,2232
Salem,34033,13760,234
Somerset,34035,64695,939
Sussex,34037,32549,431
Union,34039,137326,2217
Warren,34041,22897,312
Alcona,26001,1619,66
Alger,26003,1759,12
Allegan,26005,25605,307
Alpena,26007,5183,123
Antrim,26009,3999,53
Arenac,26011,2985,60
Baraga,26013,2080,52
Barry,26015,13526,148
Bay,26017,25569,531
Benzie,26019,3215,60
Berrien,26021,33042,468
Branch,26023,11525,181
Calhoun,26025,32116,524
Cass,26027,10678,124
Charlevoix,26029,4654,55
Cheboygan,26031,4368,88
Chippewa,26033,10857,98
Clare,26035,6288,147
Clinton,26037,19189,185
Crawford,26039,2357,23
Delta,26041,9356,144
Dickinson,26043,6977,98
Eaton,26045,25035,349
Emmet,26047,6021,66
Genesee,26049,95914,1528
Gladwin,26051,5263,105
Gogebic,26053,3094,64
Grand Traverse,26055,15980,195
Gratiot,26057,12696,175
Hillsdale,26059,9745,180
Houghton,26061,7407,82
Huron,26063,7680,136
Ingham,26065,59942,670
Ionia,26067,18433,166
Iosco,26069,4491,128
Iron,26071,2483,74
Isabella,26073,14663,182
Jackson,26075,42863,510
Kalamazoo,26077,55084,608
Kalkaska,26079,3282,48
Kent,26081,158331,1382
Keweenaw,26083,482,12
Lake,26085,1687,33
Lapeer,26087,19964,385
Leelanau,26089,3341,44
Lenawee,26091,24593,294
Livingston,26093,43959,404
Luce,26095,2186,8
Mackinac,26097,2241,26
Macomb,26099,216996,3564
Manistee,26101,4087,77
Marquette,26103,14851,107
Mason,26105,6100,78
Mecosta,26107,8041,91
Menominee,26109,5238,67
Midland,26111,17875,203
Missaukee,26113,2699,57
Monroe,26115,36243,419
Montcalm,26117,16164,192
Montmorency,26119,1613,45
Muskegon,26121,39628,578
Newaygo,26123,10748,141
Oakland,26125,270830,3463
Oceana,26127,5881,87
Ogemaw,26129,4036,88
Ontonagon,26131,926,34
Osceola,26133,4666,67
Oscoda,26135,1374,53
Otsego,26137,5214,90
Ottawa,26139,70822,723
Presque Isle,26141,1990,55
Roscommon,26143,4332,109
Saginaw,26145,47616,863
St. Clair,26147,38638,754
St. Joseph,26149,13050,181
Sanilac,26151,8239,174
Schoolcraft,26153,1602,12
Shiawassee,26155,16763,211
Tuscola,26157,12530,257
Van Buren,26159,16127,242
Washtenaw,26161,69272,483
Wayne,26163,378746,7133
McDowell,54047,4556,58
Wexford,26165,6433,95
Adams,18001,7127,105
Allen,18003,100277,1085
Bartholomew,18005,20235,227
Benton,18007,2394,21
Blackford,18009,2989,63
Boone,18011,14459,154
Brown,18013,2493,60
Carroll,18015,4092,58
Cass,18017,10966,152
Clark,18019,28713,356
Clay,18021,6572,79
Clinton,18023,8849,108
Crawford,18025,2370,35
Daviess,18027,7151,134
Dearborn,18029,12841,122
Decatur,18031,6696,134
DeKalb,18033,10961,138
Delaware,18035,23473,400
Dubois,18037,12273,156
Elkhart,18039,52730,678
Fayette,18041,6529,131
Floyd,18043,17602,271
Fountain,18045,5141,88
Franklin,18047,4147,58
Fulton,18049,4685,100
Gibson,18051,10982,133
Grant,18053,17026,321
Greene,18055,6713,123
Hamilton,18057,78603,594
Hancock,18059,20040,234
Harrison,18061,10081,125
Hendricks,18063,39373,505
Henry,18065,12453,211
Howard,18067,24454,406
Huntington,18069,11024,146
Jackson,18071,11816,108
Jasper,18073,8708,127
Jay,18075,4609,74
Jefferson,18077,8871,137
Jennings,18079,6619,95
Johnson,18081,40983,568
Knox,18083,10116,131
Kosciusko,18085,19032,214
LaGrange,18087,5710,99
Lake,18089,103679,1663
LaPorte,18091,24600,324
Lawrence,18093,11169,231
Madison,18095,31468,593
Marion,18097,218128,2738
Marshall,18099,11984,184
Martin,18101,2111,23
Miami,18103,8860,144
Monroe,18105,25848,254
Montgomery,18107,10135,150
Morgan,18109,15808,257
Newton,18111,2470,64
Noble,18113,12667,146
Ohio,18115,1378,17
Orange,18117,4778,90
Owen,18119,5511,106
Parke,18121,3460,42
Perry,18123,4381,62
Pike,18125,3547,48
Porter,18127,35836,516
Posey,18129,6185,49
Pulaski,18131,2925,80
Putnam,18133,8915,106
Randolph,18135,5678,136
Ripley,18137,7931,124
Rush,18139,4660,42
St. Joseph,18141,68356,795
Scott,18143,7369,91
Shelby,18145,14024,167
Spencer,18147,4937,58
Starke,18149,4594,92
Steuben,18151,9291,111
Sullivan,18153,4984,69
Switzerland,18155,2197,15
Tippecanoe,18157,47871,353
Tipton,18159,3413,81
Union,18161,1927,21
Vanderburgh,18163,54082,557
Vermillion,18165,3883,67
Vigo,18167,27725,363
Wabash,18169,8329,142
Warren,18171,1959,24
Warrick,18173,19029,225
Washington,18175,5637,73
Wayne,18177,18324,313
Wells,18179,6323,126
White,18181,6578,86
Whitley,18183,9402,74
Kent,10001,47695,551
New Castle,10003,140842,1224
Sussex,10005,58688,756
Accomack,51001,6757,90
Albemarle,51003,13733,124
Alleghany,51005,3285,90
Amelia,51007,2404,47
Amherst,51009,6221,69
Appomattox,51011,3337,43
Arlington,51013,38090,291
Augusta,51015,17126,157
Bath,51017,786,15
Bedford,51019,14615,184
Bland,51021,1569,19
Botetourt,51023,6439,74
Brunswick,51025,2709,37
Buchanan,51027,4078,91
Buckingham,51029,3509,41
Campbell,51031,10190,169
Caroline,51033,6402,63
Carroll,51035,5975,119
Charles City,51036,1105,23
Charlotte,51037,2165,32
Chesterfield,51041,66999,624
Clarke,51043,2444,37
Craig,51045,980,12
Culpeper,51047,10796,104
Cumberland,51049,1129,19
Dickenson,51051,2872,40
Dinwiddie,51053,4903,64
Essex,51057,2118,23
Fairfax,51059,165927,1230
Fauquier,51061,12105,110
Floyd,51063,2271,33
Fluvanna,51065,4356,33
Franklin,51067,9793,140
Frederick,51069,19221,194
Giles,51071,3493,39
Gloucester,51073,6840,86
Goochland,51075,3569,37
Grayson,51077,3292,67
Greene,51079,3611,49
Greensville,51081,3158,30
Halifax,51083,6356,129
Hanover,51085,19983,215
Henrico,51087,59862,765
Henry,51089,10281,217
Highland,51091,324,5
Isle of Wight,51093,6924,93
James City,51095,13712,100
King and Queen,51097,1067,10
King George,51099,4668,27
King William,51101,3456,27
Lancaster,51103,1670,24
Lee,51105,5307,74
Loudoun,51107,62253,318
Louisa,51109,5914,55
Lunenburg,51111,2029,24
Madison,51113,1890,28
Mathews,51115,1341,24
Mecklenburg,51117,5279,102
Middlesex,51119,1688,36
Montgomery,51121,16618,124
Nelson,51125,2460,25
New Kent,51127,4307,28
Northampton,51131,2036,52
Northumberland,51133,2011,39
Nottoway,51135,3653,74
Orange,51137,6441,72
Page,51139,5240,97
Patrick,51141,3179,74
Pittsylvania,51143,11837,157
Powhatan,51145,4545,36
Prince Edward,51147,4221,54
Prince George,51149,7457,55
Prince William,51153,91017,630
Pulaski,51155,6279,111
Rappahannock,51157,881,7
Richmond,51159,2426,17
Roanoke,51161,19244,206
Rockbridge,51163,2943,73
Aleutians East Borough,02013,857,3
Rockingham,51165,13529,191
Russell,51167,5905,84
Aleutians West Census Area,02016,1574,1
Scott,51169,4963,93
Shenandoah,51171,10140,195
Anchorage,02020,92478,458
Smyth,51173,7274,143
Southampton,51175,3149,75
Spotsylvania,51177,24923,208
Stafford,51179,28044,121
Surry,51181,999,14
Sussex,51183,2328,32
Tazewell,51185,8666,128
Warren,51187,8024,121
Washington,51191,12086,191
Westmoreland,51193,3077,40
Wise,51195,8507,160
Wythe,51197,6572,121
York,51199,9156,88
Bethel Census Area,02050,8086,37
Denali Borough,02068,347,1
Dillingham Census Area,02070,1263,11
Aurora,46003,736,17
Beadle,46005,4415,51
Fairbanks North Star Borough,02090,24364,124
Bennett,46007,715,9
Haines Borough,02100,395,1
Bon Homme,46009,2247,36
Juneau City and Borough,02110,7039,16
Brookings,46011,7828,43
Kenai Peninsula Borough,02122,15083,88
Brown,46013,9700,113
Ketchikan Gateway Borough,02130,3314,15
Brule,46015,1352,18
Buffalo,46017,598,17
Kodiak Island Borough,02150,4328,10
Kusilvak Census Area,02158,3210,9
Butte,46019,2563,44
Campbell,46021,252,7
Matanuska-Susitna Borough,02170,31029,199
Charles Mix,46023,2779,33
Nome Census Area,02180,3896,3
North Slope Borough,02185,3653,10
Northwest Arctic Borough,02188,3372,11
Clark,46025,752,6
Petersburg Borough,02195,611,2
Prince of Wales-Hyder Census Area,02198,1061,6
Clay,46027,3371,19
Codington,46029,7908,94
Corson,46031,988,16
Sitka City and Borough,02220,1944,6
Custer,46033,1905,21
Skagway Municipality,02230,104,0
Bernalillo,35001,135925,1502
Catron,35003,380,13
Chaves,35005,20783,272
Cibola,35006,7046,167
Colfax,35007,2529,60
Southeast Fairbanks Census Area,02240,1738,16
Curry,35009,11797,160
Davison,46035,5641,78
De Baca,35011,521,5
Do√±a Ana,35013,58314,666
Eddy,35015,16186,242
Day,46037,1215,32
Grant,35017,5948,70
Guadalupe,35019,1233,16
Harding,35021,72,4
Hidalgo,35023,988,12
Lea,35025,19333,305
Deuel,46039,992,12
Lincoln,35027,4886,56
Los Alamos,35028,2393,12
Valdez-Cordova Census Area,02261,2432,15
Luna,35029,6222,111
McKinley,35031,23876,553
Mora,35033,685,16
Otero,35035,14243,158
Dewey,46041,2385,38
Quay,35037,1897,38
Rio Arriba,35039,9159,111
Roosevelt,35041,4614,88
Wrangell City and Borough,02275,416,1
Sandoval,35043,30482,344
San Juan,35045,37295,690
Douglas,46043,665,15
San Miguel,35047,5206,46
Santa Fe,35049,26110,230
Sierra,35051,1876,69
Socorro,35053,3545,79
Taos,35055,4940,80
Edmunds,46045,887,16
Torrance,35057,2862,46
Yukon-Koyukuk Census Area,02290,1114,8
Union,35059,933,12
Valencia,35061,17581,223
Fall River,46047,1678,36
Faulk,46049,517,16
Grant,46051,1965,47
Gregory,46053,1023,33
Haakon,46055,436,11
Hamlin,46057,1438,40
Alexandria city,51510,28302,166
Hand,46059,531,8
Bristol city,51520,3852,63
Hanson,46061,633,6
Buena Vista city,51530,1831,36
Harding,46063,198,3
Charlottesville city,51540,9050,65
Hughes,46065,4119,58
Chesapeake city,51550,47355,390
Hutchinson,46067,1677,33
Hyde,46069,283,5
Colonial Heights city,51570,4463,74
Jackson,46071,588,20
Aitkin,27001,2710,58
Anoka,27003,91790,735
Covington city,51580,917,21
Becker,27005,7801,85
Jerauld,46073,390,19
Beltrami,27007,10467,114
Benton,27009,12627,157
Big Stone,27011,1243,7
Blue Earth,27013,16053,86
Danville city,51590,10029,219
Brown,27015,6069,70
Jones,46075,171,2
Carlton,27017,7534,84
Carver,27019,24472,99
Emporia city,51595,1034,46
Cass,27021,6236,70
Chippewa,27023,2776,46
Fairfax city,51600,1911,36
Chisago,27025,13203,113
Kingsbury,46077,1256,20
Clay,27027,17281,116
Clearwater,27029,1958,29
Cook,27031,490,2
Cottonwood,27033,2991,38
Falls Church city,51610,1774,14
Crow Wing,27035,14454,151
Lake,46079,2262,26
Dakota,27037,101450,710
Dodge,27039,5169,15
Douglas,27041,9996,112
Faribault,27043,3457,45
Franklin city,51620,2380,44
Fillmore,27045,4234,21
Lawrence,46081,6202,79
Freeborn,27047,8256,61
Goodhue,27049,11775,116
Grant,27051,1334,12
Hennepin,27053,276191,2362
Fredericksburg city,51630,5047,29
Houston,27055,3849,18
Hubbard,27057,4513,53
Isanti,27059,9382,107
Itasca,27061,10057,129
Jackson,27063,2031,16
Galax city,51640,2283,71
Kanabec,27065,3257,53
Kandiyohi,27067,12306,128
Kittson,27069,961,26
Koochiching,27071,2416,34
Lac qui Parle,27073,1587,28
Hampton city,51650,26087,263
Lake,27075,1849,26
McCook,46087,1297,30
Lake of the Woods,27077,685,5
Le Sueur,27079,5956,47
Lincoln,27081,1145,5
Lyon,27083,6686,70
Harrisonburg city,51660,12270,120
McLeod,27085,9581,98
Mahnomen,27087,1400,17
Marshall,27089,1870,23
Martin,27091,5087,54
Meeker,27093,5423,72
Hopewell city,51670,5847,101
Mille Lacs,27095,6689,103
Morrison,27097,8322,92
Mower,27099,11045,59
Murray,27101,1916,15
Lexington city,51678,2565,38
Nicollet,27103,7183,65
Lynchburg city,51680,17836,230
Nobles,27105,6522,56
Norman,27107,1339,13
Manassas city,51683,8483,58
Olmsted,27109,36366,152
Manassas Park city,51685,2535,16
Otter Tail,27111,12220,154
Pennington,27113,3174,35
Martinsville city,51690,2927,101
Pine,27115,6411,58
Pipestone,27117,1883,32
Polk,27119,7617,95
Pope,27121,2654,15
Ramsey,27123,114533,1240
Newport News city,51700,34484,324
Red Lake,27125,855,11
Redwood,27127,3567,50
Renville,27129,3321,53
Rice,27131,16191,159
Rock,27133,2222,32
Norfolk city,51710,39807,374
Roseau,27135,4136,40
St. Louis,27137,41592,486
Scott,27139,37237,230
Sherburne,27141,25643,166
Sibley,27143,3222,23
Norton city,51720,1073,20
Stearns,27145,46761,340
Steele,27147,9506,50
Stevens,27149,2381,12
Swift,27151,2071,31
Todd,27153,6110,54
Petersburg city,51730,7970,115
Traverse,27155,732,9
Wabasha,27157,5016,14
Wadena,27159,3811,47
Poquoson city,51735,2197,24
Waseca,27161,5083,37
Washington,27163,61357,439
Portsmouth city,51740,19853,262
Watonwan,27165,2644,22
Wilkin,27167,1484,19
Winona,27169,11258,66
Wright,27171,34108,287
Yellow Medicine,27173,2341,27
Radford city,51750,4414,39
Richmond city,51760,41739,401
Adair,19001,1488,46
Roanoke city,51770,19595,284
Adams,19003,739,12
Allamakee,19005,2692,58
Appanoose,19007,2650,62
Salem city,51775,6263,87
Audubon,19009,1015,18
Benton,19011,5637,70
Black Hawk,19013,30686,426
Boone,19015,5082,46
Bremer,19017,5143,77
Buchanan,19019,4215,51
Buena Vista,19021,6134,51
Staunton city,51790,5159,93
Butler,19023,2992,48
Calhoun,19025,2445,21
Carroll,19027,4644,60
Cass,19029,2780,74
Cedar,19031,3757,29
Suffolk city,51800,17879,260
Cerro Gordo,19033,10321,150
Cherokee,19035,2794,54
Chickasaw,19037,2518,29
Clarke,19039,2080,32
Clay,19041,3821,40
Virginia Beach city,51810,85337,653
Clayton,19043,3196,69
Clinton,19045,10829,130
Crawford,19047,4269,50
Dallas,19049,21057,128
Davis,19051,1502,29
Waynesboro city,51820,5006,55
Decatur,19053,1391,22
Delaware,19055,3805,65
Des Moines,19057,8420,121
Dickinson,19059,3923,64
Dubuque,19061,23791,279
Williamsburg city,51830,1562,13
Emmet,19063,2232,49
Fayette,19065,3755,67
Floyd,19067,3294,59
Franklin,19069,2352,38
Fremont,19071,1291,21
Winchester city,51840,6021,61
Greene,19073,1602,19
Grundy,19075,2357,39
Guthrie,19077,2187,41
Hamilton,19079,3269,65
Hancock,19081,2649,45
Hardin,19083,3846,57
Harrison,19085,3191,89
Henry,19087,5220,62
Howard,19089,1933,28
Humboldt,19091,2513,35
Ida,19093,1704,46
Iowa,19095,3371,42
Jackson,19097,4335,64
Jasper,19099,7947,97
Jefferson,19101,3089,49
Johnson,19103,30972,121
Jones,19105,5161,68
Keokuk,19107,1881,45
Kossuth,19109,3606,85
Lee,19111,7329,119
Linn,19113,48004,513
Louisa,19115,2329,58
Lucas,19117,1620,29
Lyon,19119,2644,46
Madison,19121,2953,30
Mahaska,19123,4593,81
Marion,19125,7064,110
Marshall,19127,8776,96
Mills,19129,3068,38
Mitchell,19131,2332,49
Monona,19133,1581,43
Monroe,19135,1763,44
Montgomery,19137,2022,49
Muscatine,19139,8885,124
O'Brien,19141,3248,70
Osceola,19143,1319,20
Page,19145,3183,40
Palo Alto,19147,1936,35
Plymouth,19149,6039,93
Pocahontas,19151,1503,25
Polk,19153,113009,948
Pottawattamie,19155,22433,269
Poweshiek,19157,3204,54
Ringgold,19159,1053,32
Sac,19161,2247,30
Scott,19163,37931,346
Shelby,19165,2543,46
Sioux,19167,7707,80
Story,19169,18126,73
Tama,19171,3629,84
Taylor,19173,1203,21
Union,19175,2506,46
Van Buren,19177,1269,25
Wapello,19179,8335,171
Warren,19181,11464,121
Washington,19183,5272,73
Wayne,19185,1156,29
Webster,19187,9734,145
Winnebago,19189,2777,42
Winneshiek,19191,3523,46
Woodbury,19193,27235,298
District of Columbia,11001,130888,1289
Worth,19195,1644,11
Wright,19197,3465,57
Bristol Bay plus Lake and Peninsula,02997,739,1
Yakutat plus Hoonah-Angoon,02998,425,5
Bristol,44001,12002,164
Kent,44003,43558,460
Newport,44005,17580,68
Providence,44007,203168,2347
Washington,44009,28067,206
Albany,36001,55606,481
Allegany,36003,8319,143
Broome,36007,42361,491
Cattaraugus,36009,14471,205
Cayuga,36011,15005,132
Chautauqua,36013,22423,255
Chemung,36015,20135,219
Chenango,36017,8626,112
Clinton,36019,14853,67
Columbia,36021,9431,132
Cortland,36023,9798,106
Delaware,36025,7208,66
Dutchess,36027,61646,606
Erie,36029,199981,2464
Essex,36031,5115,52
Franklin,36033,8405,39
Fulton,36035,11662,152
Genesee,36037,13163,177
Greene,36039,8125,112
Hamilton,36041,787,5
Herkimer,36043,12970,179
Jefferson,36045,18463,125
Lewis,36049,5862,45
Livingston,36051,11015,102
Madison,36053,12032,120
Monroe,36055,145367,1470
Montgomery,36057,11127,186
Nassau,36059,391056,3710
Niagara,36063,45874,532
Oneida,36065,50088,746
Onondaga,36067,102108,974
Ontario,36069,18574,166
Orange,36071,102974,913
Orleans,36073,8277,107
Oswego,36075,23327,161
Otsego,36077,9106,79
Putnam,36079,22828,117
Rensselaer,36083,29399,236
Rockland,36087,89631,877
St. Lawrence,36089,19052,166
Saratoga,36091,43119,301
Schenectady,36093,31090,286
Schoharie,36095,4656,33
Schuyler,36097,3227,23
Seneca,36099,5408,88
Steuben,36101,18524,232
Suffolk,36103,415352,4208
Sullivan,36105,17599,118
Tioga,36107,10006,81
Tompkins,36109,16349,77
Ulster,36111,29699,344
Warren,36113,12596,115
Washington,36115,11233,106
Wayne,36117,16150,155
Westchester,36119,242026,2616
Wyoming,36121,7986,80
Yates,36123,3136,37
Adams,28001,6307,129
Alcorn,28003,9125,126
Amite,28005,2907,60
Attala,28007,4367,94
Benton,28009,2054,44
Bolivar,28011,8465,158
Calhoun,28013,4244,55
Carroll,28015,2409,45
Chickasaw,28017,5018,81
Choctaw,28019,1884,28
Claiborne,28021,2056,42
Clarke,28023,3878,96
Clay,28025,4674,83
Coahoma,28027,5988,117
Copiah,28029,6356,98
Covington,28031,6640,98
DeSoto,28033,46370,483
Forrest,28035,19914,270
Franklin,28037,1774,34
George,28039,6641,81
Greene,28041,2852,50
Grenada,28043,5120,119
Hancock,28045,10899,142
Harrison,28047,47331,589
Hinds,28049,49670,699
Holmes,28051,4165,96
Humphreys,28053,1866,40
Issaquena,28055,240,7
Itawamba,28057,6825,118
Jackson,28059,34152,402
Jasper,28061,4422,66
Jefferson,28063,1363,35
Jefferson Davis,28065,2646,43
Jones,28067,19678,261
Kemper,28069,2041,43
Lafayette,28071,13682,162
Lamar,28073,15846,144
Lauderdale,28075,17376,328
Lawrence,28077,3262,45
Leake,28079,5656,96
Lee,28081,24755,265
Leflore,28083,7032,149
Lincoln,28085,7374,143
Lowndes,28087,15967,211
Madison,28089,22307,293
Marion,28091,6521,125
Marshall,28093,8989,154
Monroe,28095,9877,190
Montgomery,28097,2772,63
Neshoba,28099,9626,215
Newton,28101,5340,89
Noxubee,28103,2583,46
Oktibbeha,28105,9820,146
Panola,28107,9613,143
Pearl River,28109,13901,249
Perry,28111,2809,57
Pike,28113,8290,162
Pontotoc,28115,9209,123
Prentiss,28117,7397,90
Quitman,28119,1479,28
Rankin,28121,33409,428
Scott,28123,6202,104
Sharkey,28125,877,22
Simpson,28127,6278,127
Smith,28129,3693,61
Stone,28131,5000,67
Sunflower,28133,5514,111
Tallahatchie,28135,2990,54
Tate,28137,6637,128
Tippah,28139,6397,93
Rota,69100,8,0
Tishomingo,28141,5506,103
Tunica,28143,2383,41
Union,28145,8658,106
Walthall,28147,3204,71
Warren,28149,9449,185
Saipan,69110,4090,21
Washington,28151,9490,173
Wayne,28153,5235,75
Webster,28155,2841,54
Wilkinson,28157,1726,41
Winston,28159,4743,97
Tinian,69120,21,0
Yalobusha,28161,3728,50
Yazoo,28163,7635,96
Allen,20001,3740,37
Anderson,20003,2010,23
Atchison,20005,4079,32
Barber,20007,971,8
Barton,20009,6146,81
Bourbon,20011,4163,46
Brown,20013,2566,47
Butler,20015,18063,157
Chase,20017,643,7
Chautauqua,20019,809,16
Cherokee,20021,5686,82
Cheyenne,20023,640,14
Clark,20025,479,7
Clay,20027,1869,32
Cloud,20029,2131,35
Coffey,20031,2262,37
Comanche,20033,435,13
Cowley,20035,9721,145
Crawford,20037,11119,122
Decatur,20039,591,17
Dickinson,20041,4548,67
Doniphan,20043,2296,32
Douglas,20045,23339,125
Edwards,20047,551,13
Elk,20049,541,8
Ellis,20051,6805,79
Ellsworth,20053,1948,31
Finney,20055,10936,105
Ford,20057,10360,104
Franklin,20059,6606,70
Geary,20061,8569,65
Gove,20063,749,23
Graham,20065,517,13
Grant,20067,2151,34
Gray,20069,1187,23
Greeley,20071,326,3
Greenwood,20073,1670,20
Hamilton,20075,449,3
Harper,20077,1591,25
Harvey,20079,9003,112
Haskell,20081,932,11
Hodgeman,20083,401,10
Jackson,20085,3723,24
Jefferson,20087,4527,55
Jewell,20089,757,13
Johnson,20091,135952,1108
Kearny,20093,1202,18
Kingman,20095,1883,25
Kiowa,20097,639,7
Labette,20099,6201,70
Lane,20101,285,10
Leavenworth,20103,17932,164
Lincoln,20105,598,8
Linn,20107,2669,24
Logan,20109,805,12
Lyon,20111,9390,109
McPherson,20113,7371,115
Marion,20115,3171,38
Marshall,20117,2448,39
Meade,20119,1176,15
Miami,20121,7322,80
Mitchell,20123,1356,18
Montgomery,20125,8952,133
Morris,20127,1422,24
Morton,20129,604,10
Nemaha,20131,3083,60
Neosho,20133,4835,58
Ness,20135,767,18
Norton,20137,2064,37
Osage,20139,3716,42
Osborne,20141,742,16
Ottawa,20143,1134,16
Pawnee,20145,2024,21
Phillips,20147,1302,28
Pottawatomie,20149,5334,51
Pratt,20151,1814,30
Rawlins,20153,663,10
Reno,20155,17742,205
Republic,20157,1282,14
Rice,20159,2467,18
Riley,20161,12437,75
Rooks,20163,1274,18
Rush,20165,774,17
Russell,20167,1810,35
Saline,20169,13373,214
Scott,20171,1237,33
Sedgwick,20173,138916,1175
Seward,20175,6822,59
Shawnee,20177,45505,524
Sheridan,20179,755,18
Sherman,20181,1442,18
Smith,20183,613,7
Stafford,20185,1082,26
Stanton,20187,418,7
Stevens,20189,1412,17
Sumner,20191,5380,64
Thomas,20193,2283,26
Alachua,12001,62121,539
Trego,20195,725,9
Baker,12003,7942,127
Wabaunsee,20197,1548,21
Bay,12005,42327,713
Wallace,20199,405,5
Bradford,12007,6868,130
Washington,20201,1306,20
Brevard,12009,122479,1831
Wichita,20203,477,8
Broward,12011,573312,5147
Wilson,20205,2632,35
Calhoun,12013,3824,85
Woodson,20207,749,12
Charlotte,12015,32068,678
Wyandotte,20209,44709,448
Citrus,12017,26800,853
Clay,12019,48940,718
Collier,12021,78527,904
Columbia,12023,19525,329
DeSoto,12027,8690,140
Dixie,12029,3658,53
Duval,12031,235953,2930
Escambia,12033,72938,1127
Flagler,12035,20642,289
Franklin,12037,2856,46
Gadsden,12039,12479,182
Gilchrist,12041,4065,71
Adams,53001,4652,35
Glades,12043,1871,34
Asotin,53003,4003,55
Gulf,12045,3923,67
Benton,53005,48484,422
Hamilton,12047,3591,49
Chelan,53007,18451,143
Hardee,12049,8097,105
Clallam,53009,9947,108
Hendry,12051,11133,146
Clark,53011,75527,687
Hernando,12053,38669,973
Columbia,53013,532,11
Highlands,12055,21839,574
Cowlitz,53015,20238,307
Hillsborough,12057,346778,3174
Douglas,53017,9982,55
Holmes,12059,5077,74
Ferry,53019,1224,20
Indian River,12061,30194,587
Franklin,53021,30788,193
Jackson,12063,13565,245
Garfield,53023,330,7
Jefferson,12065,3593,36
Grant,53025,23847,232
Lafayette,12067,2580,52
Grays Harbor,53027,14677,174
Lake,12069,78050,1276
Island,53029,8933,59
Lee,12071,175773,1901
Jefferson,53031,2542,23
Leon,12073,78130,540
King,53033,346077,2330
Levy,12075,9391,116
Kitsap,53035,35583,281
Liberty,12077,2378,25
Kittitas,53037,7906,58
Madison,12079,5315,69
Klickitat,53039,3154,38
Manatee,12081,87942,1245
Lewis,53041,15857,212
Marion,12083,76962,1846
Lincoln,53043,1999,27
Martin,12085,29554,541
Miami-Dade,12086,1121486,9565
Monroe,12087,17090,103
Mason,53045,10799,113
Nassau,12089,20249,252
Okanogan,53047,7361,109
Okaloosa,12091,47666,592
Pacific,53049,2897,44
Okeechobee,12093,10103,164
Pend Oreille,53051,2337,29
Orange,12095,350986,2353
Pierce,53053,175305,1161
Osceola,12097,107029,952
San Juan,53055,978,1
Palm Beach,12099,348041,4407
Skagit,53057,20355,167
Pasco,12101,112390,1661
Skamania,53059,1307,10
Pinellas,12103,192136,2839
Snohomish,53061,139881,948
Polk,12105,186418,2584
Spokane,53063,115136,1214
Putnam,12107,16377,387
Stevens,53065,7354,120
St. Johns,12109,57380,485
Thurston,53067,42684,312
St. Lucie,12111,69337,1073
Wahkiakum,53069,467,5
Santa Rosa,12113,44198,538
Walla Walla,53071,14088,122
Sarasota,12115,80796,1376
Whatcom,53073,33727,234
Seminole,12117,96401,922
Whitman,53075,8454,86
Sumter,12119,19492,486
Yakima,53077,67874,686
Suwannee,12121,11911,273
Taylor,12123,6361,87
Union,12125,4022,104
Volusia,12127,107570,1664
Wakulla,12129,9032,109
Walton,12131,15519,180
Washington,12133,6261,88
Apache,04001,20499,571
Cochise,04003,28140,507
Coconino,04005,40683,438
Gila,04007,15606,338
Graham,04009,11112,164
Greenlee,04011,2068,30
La Paz,04012,4794,116
Maricopa,04013,1183959,14735
Mohave,04015,53318,1282
Navajo,04017,35330,811
Pima,04019,234028,3441
Pinal,04021,121256,1441
Santa Cruz,04023,15699,212
Yavapai,04025,44894,1069
Yuma,04027,59258,1051
Abbeville,45001,6271,59
Aiken,45003,38604,388
Allendale,45005,1988,23
Anderson,45007,55116,862
Bamberg,45009,3263,67
Barnwell,45011,5527,89
Beaufort,45013,40372,337
Berkeley,45015,48824,388
Calhoun,45017,2638,54
Charleston,45019,105922,810
Cherokee,45021,13674,288
Chester,45023,9331,129
Chesterfield,45025,10956,170
Clarendon,45027,7998,142
Colleton,45029,8267,202
Darlington,45031,17810,271
Dillon,45033,9268,128
Dorchester,45035,52995,423
Edgefield,45037,6224,60
Fairfield,45039,5583,98
Florence,45041,39482,576
Georgetown,45043,14862,202
Greenville,45045,164441,1666
Greenwood,45047,20672,254
Hampton,45049,4743,78
Horry,45051,90675,1011
Jasper,45053,5618,84
Kershaw,45055,19699,224
Lancaster,45057,23182,255
Laurens,45059,17489,253
Lee,45061,4074,86
Lexington,45063,89719,768
McCormick,45065,2071,34
Marion,45067,8235,150
Marlboro,45069,7343,92
Newberry,45071,12439,158
Oconee,45073,22705,286
Orangeburg,45075,22153,363
Pickens,45077,43533,540
Richland,45079,114014,834
Saluda,45081,3749,66
Spartanburg,45083,89781,1354
Sumter,45085,25928,337
Union,45087,7155,126
Williamsburg,45089,8090,132
York,45091,72536,564
Alamance,37001,43497,414
Alexander,37003,9828,121
Alleghany,37005,2656,11
Anson,37007,6079,87
Ashe,37009,5498,67
Avery,37011,3961,39
Beaufort,37013,11214,143
Bertie,37015,4005,59
Bladen,37017,8722,107
Brunswick,37019,26714,270
Buncombe,37021,45820,498
Burke,37023,22218,267
Cabarrus,37025,52339,420
Caldwell,37027,20215,244
Camden,37029,1671,9
Carteret,37031,12313,83
Caswell,37033,4875,39
Catawba,37035,44041,499
Chatham,37037,11559,103
Cherokee,37039,6535,91
Chowan,37041,3950,48
Clay,37043,2350,38
Cleveland,37045,27574,338
Columbus,37047,14898,240
Craven,37049,21328,176
St. Croix,78010,7219,42
Cumberland,37051,75078,517
Currituck,37053,4492,32
Dare,37055,6828,18
Davidson,37057,40281,367
Davie,37059,10211,82
St. John,78020,737,5
Duplin,37061,14685,207
Durham,37063,65715,285
Edgecombe,37065,12811,133
Forsyth,37067,86213,687
Franklin,37069,18545,65
St. Thomas,78030,6914,54
Gaston,37071,60801,704
Gates,37073,1717,19
Graham,37075,2052,30
Granville,37077,13242,110
Greene,37079,5387,56
Guilford,37081,107857,994
Halifax,37083,13160,159
Harnett,37085,29680,290
Haywood,37087,11586,172
Henderson,37089,22875,257
Hertford,37091,4531,80
Hoke,37093,13468,95
Hyde,37095,1201,13
Iredell,37097,44945,389
Jackson,37099,8401,81
Johnston,37101,54016,368
Jones,37103,2032,38
Lee,37105,15064,129
Lenoir,37107,14576,184
Lincoln,37109,22516,122
McDowell,37111,12081,142
Macon,37113,6804,91
Madison,37115,4328,74
Martin,37117,5705,79
Mecklenburg,37119,261128,1439
Mitchell,37121,2984,28
Montgomery,37123,6867,115
Moore,37125,22569,283
Nash,37127,25643,268
New Hanover,37129,44833,325
Northampton,37131,4061,68
Onslow,37133,46289,316
Orange,37135,22989,120
Pamlico,37137,2411,27
Pasquotank,37139,7465,111
Pender,37141,13970,106
Perquimans,37143,2514,17
Person,37145,8480,98
Pitt,37147,48951,146
Polk,37149,3503,49
Randolph,37151,33091,368
Richmond,37153,11668,167
Robeson,37155,37591,486
Rockingham,37157,20277,245
Rowan,37159,38566,532
Rutherford,37161,16055,362
Sampson,37163,17105,147
Scotland,37165,9417,117
Stanly,37167,18314,222
Stokes,37169,10277,142
Surry,37171,19315,286
Swain,37173,3027,33
Transylvania,37175,5676,59
Tyrrell,37177,909,7
Union,37179,57632,423
Vance,37181,11149,110
Wake,37183,266294,967
Warren,37185,3912,38
Washington,37187,2782,42
Watauga,37189,10627,48
Wayne,37191,26012,354
Adair,29001,5535,56
Wilkes,37193,16007,230
Andrew,29003,4502,45
Wilson,37195,19836,244
Atchison,29005,1187,19
Yadkin,37197,9966,98
Audrain,29007,5373,93
Yancey,37199,4400,45
Barry,29009,6259,101
Barton,29011,2586,44
Bates,29013,3565,70
Benton,29015,3830,83
Bollinger,29017,2337,36
Boone,29019,41077,215
Buchanan,29021,23398,272
Butler,29023,9334,140
Caldwell,29025,1543,29
Callaway,29027,11256,102
Camden,29029,8830,163
Cape Girardeau,29031,17469,212
Carroll,29033,2121,41
Carter,29035,1424,19
Cass,29037,23279,249
Cedar,29039,2698,43
Chariton,29041,1555,33
Christian,29043,19462,220
Clark,29045,1507,28
Clay,29047,24758,306
Clinton,29049,4401,107
Cole,29051,19135,250
Cooper,29053,3944,71
Crawford,29055,5134,88
Dade,29057,1320,38
Dallas,29059,3561,64
Daviess,29061,1530,24
DeKalb,29063,2024,40
Dent,29065,3053,66
Douglas,29067,2373,68
Dunklin,29069,6522,93
Franklin,29071,21554,295
Gasconade,29073,3137,90
Gentry,29075,2024,28
Greene,29077,66293,882
Grundy,29079,2186,61
Harrison,29081,1705,27
Henry,29083,5379,68
Hickory,29085,1710,49
Holt,29087,980,25
Howard,29089,2061,22
Howell,29091,8367,184
Iron,29093,2010,33
Jackson,29095,89741,992
Jasper,29097,19127,274
Jefferson,29099,51238,505
Johnson,29101,11437,126
Knox,29103,892,10
Laclede,29105,7694,158
Lafayette,29107,7368,110
Lawrence,29109,7290,143
Lewis,29111,2531,31
Lincoln,29113,14550,105
Linn,29115,2241,59
Livingston,29117,3477,86
McDonald,29119,5460,64
Macon,29121,3404,40
Madison,29123,3368,46
Maries,29125,1505,28
Marion,29127,7591,110
Mercer,29129,632,12
Miller,29131,5797,105
Mississippi,29133,2954,51
Moniteau,29135,3660,48
Monroe,29137,2043,38
Montgomery,29139,2256,49
Morgan,29141,3814,85
New Madrid,29143,4561,72
Newton,29145,10649,177
Nodaway,29147,5624,41
Oregon,29149,1900,27
Osage,29151,3032,39
Ozark,29153,1586,48
Pemiscot,29155,2824,62
Perry,29157,4599,44
Pettis,29159,11157,135
Phelps,29161,9423,214
Pike,29163,4003,56
Platte,29165,9464,83
Polk,29167,7450,84
Pulaski,29169,8356,104
Putnam,29171,905,20
Ralls,29173,2332,20
Randolph,29175,5635,90
Ray,29177,4783,81
Reynolds,29179,1071,19
Ripley,29181,2543,53
St. Charles,29183,98013,783
St. Clair,29185,1952,29
Ste. Genevieve,29186,3471,35
St. Francois,29187,17468,252
St. Louis,29189,210980,2973
Adair,21001,4828,95
Allen,21003,5956,90
Saline,29195,5974,91
Anderson,21005,5577,59
Schuyler,29197,656,24
Ballard,21007,1165,26
Scotland,29199,628,17
Barren,21009,11478,192
Scott,29201,10300,140
Bath,21011,2421,35
Shannon,29203,1461,32
Bell,21013,7831,123
Shelby,29205,1424,13
Boone,21015,36817,247
Stoddard,29207,5767,112
Bourbon,21017,5242,46
Stone,29209,5435,102
Boyd,21019,14147,148
Sullivan,29211,1604,21
Boyle,21021,7472,120
Taney,29213,12665,187
Bracken,21023,1960,23
Texas,29215,4327,79
Breathitt,21025,2940,49
Vernon,29217,4722,93
Breckinridge,21027,4623,58
Warren,29219,7845,90
Bullitt,21029,19696,174
Washington,29221,5532,117
Butler,21031,3173,49
Wayne,29223,2258,42
Caldwell,21033,3519,57
Webster,29225,8358,129
Calloway,21035,7438,73
Worth,29227,385,3
Campbell,21037,22904,137
Wright,29229,3618,71
Carlisle,21039,917,16
Carroll,21041,3246,39
Carter,21043,7317,91
Casey,21045,3459,65
Christian,21047,13755,183
Clark,21049,8661,50
Clay,21051,6701,71
Clinton,21053,3050,41
Crittenden,21055,1819,39
Cumberland,21057,1912,23
Daviess,21059,28763,343
Edmonson,21061,2248,36
Elliott,21063,1767,15
Estill,21065,3307,40
Fayette,21067,85597,511
Fleming,21069,3227,44
Floyd,21071,10086,151
Franklin,21073,11816,122
Fulton,21075,1100,23
Gallatin,21077,2062,45
Garrard,21079,4276,64
Grant,21081,7005,51
Graves,21083,10511,144
Grayson,21085,7045,115
Green,21087,3138,40
Greenup,21089,10625,114
Hancock,21091,2259,19
Hardin,21093,29823,382
Harlan,21095,7910,170
Harrison,21097,5558,58
Hart,21099,4762,88
Henderson,21101,12562,141
Henry,21103,4416,42
Hickman,21105,762,22
Hopkins,21107,13202,231
Jackson,21109,3726,61
Jefferson,21111,203562,1938
Jessamine,21113,13798,120
Johnson,21115,5215,85
Kenton,21117,42678,333
Knott,21119,3326,52
Knox,21121,9914,113
Larue,21123,3391,61
Laurel,21125,16271,189
Lawrence,21127,3873,53
Lee,21129,2242,44
Leslie,21131,3011,39
Letcher,21133,5674,87
Lewis,21135,3957,72
Lincoln,21137,5563,113
Livingston,21139,2045,51
Logan,21141,7479,107
Lyon,21143,2554,32
McCracken,21145,16702,206
McCreary,21147,4483,69
McLean,21149,2419,44
Madison,21151,24764,223
Magoffin,21153,3271,37
Marion,21155,5866,67
Marshall,21157,7724,91
Martin,21159,2711,44
Mason,21161,4165,91
Meade,21163,5287,58
Menifee,21165,1245,29
Mercer,21167,6637,95
Metcalfe,21169,2573,54
Monroe,21171,3343,69
Montgomery,21173,5869,85
Morgan,21175,3974,17
Muhlenberg,21177,9266,108
Nelson,21179,13283,126
Nicholas,21181,1703,29
Ohio,21183,6703,91
Oldham,21185,16753,121
Owen,21187,2210,30
Owsley,21189,1290,23
Pendleton,21191,3233,33
Perry,21193,8507,138
Appling,13001,4532,113
Pike,21195,15276,235
Atkinson,13003,1978,39
Powell,21197,4133,32
Bacon,13005,3312,65
Pulaski,21199,14127,243
Baker,13007,518,14
Robertson,21201,560,20
Baldwin,13009,9121,207
Rockcastle,21203,4331,51
Banks,13011,3724,74
Rowan,21205,5694,50
Barrow,13013,21123,223
Russell,21207,5413,73
Bartow,13015,27822,409
Scott,21209,14065,82
Ben Hill,13017,4045,114
Shelby,21211,12055,136
Berrien,13019,4745,72
Simpson,21213,5212,79
Bibb,13021,35226,694
Spencer,21215,4880,48
Bleckley,13023,3254,86
Taylor,21217,7678,106
Brantley,13025,3796,95
Todd,21219,2712,39
Brooks,13027,3267,77
Trigg,21221,3133,35
Bryan,13029,8530,80
Trimble,21223,1994,34
Bulloch,13031,14838,232
Union,21225,3951,52
Burke,13033,5039,91
Warren,21227,39538,319
Butts,13035,6254,136
Washington,21229,3465,54
Calhoun,13037,1278,22
Wayne,21231,4335,78
Camden,13039,10360,102
Webster,21233,3584,46
Barbour,54001,4184,63
Whitley,21235,12273,147
Candler,13043,1974,91
Wolfe,21237,1908,17
Carroll,13045,22946,389
Woodford,21239,6083,40
Catoosa,13047,13373,136
Charlton,13049,2726,58
Berkeley,54003,33815,242
Chatham,13051,58668,763
Boone,54005,5921,64
Chattahoochee,13053,6703,21
Braxton,54007,3417,35
Chattooga,13055,6208,117
Brooke,54009,4651,91
Cherokee,13057,61029,526
Cabell,54011,24789,324
Clarke,13059,28722,199
Calhoun,54013,1577,10
Clay,13061,504,4
Clay,54015,2099,31
Clayton,13063,61506,835
Doddridge,54017,1924,16
Clinch,13065,1921,37
Fayette,54019,11214,158
Cobb,13067,163506,1549
Gilmer,54021,1895,17
Coffee,13069,10093,250
Grant,54023,3495,51
Colquitt,13071,10875,211
Greenbrier,54025,8105,125
Columbia,13073,33727,338
Hampshire,54027,5326,63
Cook,13075,4719,66
Hancock,54029,6357,130
Coweta,13077,31772,422
Hardy,54031,3941,44
Crawford,13079,1664,49
Harrison,54033,17309,215
Crisp,13081,4453,129
Jackson,54035,6260,116
Dade,13083,2943,28
Jefferson,54037,13457,116
Dawson,13085,6607,90
Kanawha,54039,42335,596
Decatur,13087,6277,116
Lewis,54041,4611,73
DeKalb,13089,139447,1481
Lincoln,54043,4773,62
Dodge,13091,5049,138
Logan,54045,8489,160
Dooly,13093,2281,63
Marion,54049,13219,151
Dougherty,13095,18277,448
Marshall,54051,8015,143
Douglas,13097,33627,339
Mason,54053,5727,77
Early,13099,2639,58
Mercer,54055,14611,227
Echols,13101,908,11
Mineral,54057,7234,145
Effingham,13103,12288,179
Mingo,54059,6834,103
Elbert,13105,4446,97
Monongalia,54061,22448,171
Emanuel,13107,5680,146
Monroe,54063,3666,34
Evans,13109,2168,61
Morgan,54065,3989,58
Fannin,13111,4854,126
Nicholas,54067,6371,80
Fayette,13113,21034,279
Ohio,54069,10357,145
Floyd,13115,25894,432
Pendleton,54071,1772,16
Forsyth,13117,51480,324
Pleasants,54073,1946,34
Franklin,13119,5177,90
Pocahontas,54075,1776,25
Fulton,13121,205252,1973
Preston,54077,8198,117
Gilmer,13123,6338,152
Putnam,54079,14933,154
Glascock,13125,581,23
St. Louis city,29510,53792,703
Glynn,13127,21493,362
Raleigh,54081,19947,268
Gordon,13129,14802,230
Randolph,54083,8095,66
Grady,13131,5390,98
Ritchie,54085,2137,27
Greene,13133,3751,75
Roane,54087,2812,31
Gwinnett,13135,197947,1664
Summers,54089,2406,43
Habersham,13137,9587,229
Taylor,54091,3871,59
Hall,13139,51590,731
Tucker,54093,1737,33
Hancock,13141,1511,86
Tyler,54095,1996,27
Haralson,13143,5238,144
Upshur,54097,5870,77
Harris,13145,5799,99
Wayne,54099,8794,97
Hart,13147,4681,77
Webster,54101,1887,27
Heard,13149,2077,44
Wetzel,54103,3893,71
Henry,13151,55673,584
Wirt,54105,1335,19
Houston,13153,37266,440
Wood,54107,20344,297
Irwin,13155,1768,42
Wyoming,54109,6051,83
Jackson,13157,20461,249
Jasper,13159,3007,67
Jeff Davis,13161,3695,64
Jefferson,13163,3474,100
Jenkins,13165,1446,64
Johnson,13167,2159,66
Jones,13169,4746,102
Lamar,13171,4670,105
Lanier,13173,2187,18
Laurens,13175,13298,269
Lee,13177,6722,92
Liberty,13179,11590,140
Lincoln,13181,1537,35
Long,13183,2578,29
Lowndes,13185,29557,334
Lumpkin,13187,6789,113
McDuffie,13189,4820,84
McIntosh,13191,2256,35
Arkansas,05001,5382,68
Macon,13193,2042,47
Ashley,05003,4732,56
Madison,13195,6733,85
Baxter,05005,8154,217
Marion,13197,1430,43
Benton,05007,62679,722
Meriwether,13199,4289,126
Boone,05009,8892,146
Miller,13201,1638,25
Bradley,05011,2845,43
Calhoun,05013,836,9
Mitchell,13205,4937,104
Carroll,05015,5744,87
Monroe,13207,5606,156
Chicot,05017,2657,50
Montgomery,13209,1909,47
Clark,05019,4896,70
Morgan,13211,4404,53
Clay,05021,3810,78
Murray,13213,10771,158
Cleburne,05023,5987,107
Muscogee,13215,36136,703
Cleveland,05025,2158,33
Newton,13217,23591,394
Columbia,05027,4908,77
Oconee,13219,8389,92
Conway,05029,5118,50
Oglethorpe,13221,3103,46
Craighead,05031,34632,275
Paulding,13223,36480,374
Crawford,05033,15042,208
Peach,13225,5814,117
Crittenden,05035,13265,196
Pickens,13227,7807,140
Cross,05037,4463,73
Pierce,13229,5206,108
Dallas,05039,1630,22
Pike,13231,5124,78
Desha,05041,2886,36
Polk,13233,11352,170
Drew,05043,4361,58
Pulaski,13235,2098,68
Faulkner,05045,32965,267
Putnam,13237,4302,92
Franklin,05047,3625,63
Quitman,13239,394,4
Fulton,05049,2550,81
Rabun,13241,3477,84
Garland,05051,21014,440
Randolph,13243,1390,45
Grant,05053,4104,53
Richmond,13245,47657,783
Greene,05055,14964,141
Rockdale,13247,17614,283
Hempstead,05057,4231,52
Schley,13249,1085,8
Hot Spring,05059,10378,115
Screven,13251,2523,62
Howard,05061,3585,41
Seminole,13253,2068,27
Independence,05063,9804,183
Spalding,13255,15243,363
Izard,05065,3683,62
Stephens,13257,6003,132
Jackson,05067,5649,49
Stewart,13259,1971,31
Jefferson,05069,17840,246
Sumter,13261,6438,147
Johnson,05071,6274,65
Talbot,13263,1100,31
Lafayette,05073,1206,28
Taliaferro,13265,251,3
Lawrence,05075,4730,65
Tattnall,13267,4680,121
Lee,05077,2790,55
Taylor,13269,1883,47
Lincoln,05079,4717,60
Telfair,13271,2874,76
Little River,05081,3049,85
Terrell,13273,1909,59
Logan,05083,4754,59
Thomas,13275,11211,189
Lonoke,05085,18705,199
Tift,13277,11094,196
Madison,05087,3661,47
Toombs,13279,6591,179
Marion,05089,3106,76
Towns,13281,2202,93
Miller,05091,8760,158
Treutlen,13283,1566,56
Mississippi,05093,12485,168
Troup,13285,14993,345
Monroe,05095,1844,28
Turner,13287,2428,50
Montgomery,05097,1426,53
Twiggs,13289,1461,63
Nevada,05099,2030,43
Union,13291,4478,139
Newton,05101,1651,45
Upson,13293,7399,203
Ouachita,05103,5068,92
Walker,13295,15335,194
Perry,05105,2334,27
Walton,13297,21306,381
Phillips,05107,4582,84
Ware,13299,9283,253
Pike,05109,2374,39
Warren,13301,1016,27
Poinsett,05111,7403,109
Washington,13303,4164,130
Polk,05113,3830,130
Wayne,13305,7183,185
Pope,05115,17363,171
Webster,13307,420,7
Prairie,05117,1851,33
Wheeler,13309,1153,36
Pulaski,05119,97075,1028
White,13311,6469,143
Randolph,05121,4562,73
Whitfield,13313,32099,375
St. Francis,05123,6813,75
Wilcox,13315,1825,62
Saline,05125,29035,278
Wilkes,13317,2136,43
Scott,05127,2137,35
Wilkinson,13319,2098,50
Searcy,05129,1914,37
Worth,13321,4418,98
Sebastian,05131,31219,431
Lincoln,46083,15124,89
Sevier,05133,5451,63
Lyman,46085,1166,12
Sharp,05135,4198,85
Marshall,46091,718,11
Stone,05137,2626,51
McPherson,46089,410,9
Union,05139,8700,159
Meade,46093,6602,57
Van Buren,05141,3249,48
Mellette,46095,498,5
Washington,05143,64034,535
Miner,46097,447,12
White,05145,19978,226
Minnehaha,46099,55553,466
Woodruff,05147,1590,24
Moody,46101,1280,27
Yell,05149,6453,95
Oglala Lakota,46102,3550,57
Pennington,46103,31070,309
Perkins,46105,652,16
Potter,46107,664,6
Roberts,46109,2242,46
Sanborn,46111,547,5
Spink,46115,1337,32
Stanley,46117,612,6
Sully,46119,236,3
Todd,46121,2696,43
Tripp,46123,1309,21
Turner,46125,1906,62
Union,46127,3872,48
Walworth,46129,1240,21
Yankton,46135,5605,50
Ziebach,46137,519,11
Adams,38001,552,9
Barnes,38003,2760,42
Benson,38005,1776,22
Billings,38007,138,1
Bottineau,38009,1472,24
Bowman,38011,776,9
Burke,38013,419,3
Burleigh,38015,32663,290
Cass,38017,55071,307
Cavalier,38019,746,7
Dickey,38021,1405,38
Divide,38023,439,4
Dunn,38025,965,8
Eddy,38027,710,6
Emmons,38029,683,16
Foster,38031,912,20
Golden Valley,38033,456,4
Grand Forks,38035,20389,111
Grant,38037,436,11
Griggs,38039,549,2
Hettinger,38041,781,7
Kidder,38043,472,13
LaMoure,38045,932,19
Logan,38047,413,11
McHenry,38049,1223,29
McIntosh,38051,610,9
McKenzie,38053,3090,23
McLean,38055,2601,48
Mercer,38057,2416,23
Morton,38059,10510,137
Mountrail,38061,2971,33
Nelson,38063,715,17
Oliver,38065,311,4
Pembina,38067,1850,16
Pierce,38069,1010,30
Ramsey,38071,3245,47
Ransom,38073,1368,24
Renville,38075,520,15
Richland,38077,3800,21
Rolette,38079,5287,39
Sargent,38081,957,9
Sheridan,38083,267,6
Sioux,38085,1265,19
Slope,38087,62,0
Stark,38089,10895,80
Steele,38091,364,2
Stutsman,38093,6426,94
Towner,38095,585,11
Traill,38097,2044,22
Walsh,38099,3155,34
Ward,38101,19386,240
Wells,38103,967,11
Williams,38105,9906,66
Beaverhead,30001,1974,24
Big Horn,30003,4076,89
Blaine,30005,1729,28
Broadwater,30007,1140,18
Carbon,30009,1892,27
Carter,30011,229,5
Cascade,30013,20687,291
Chouteau,30015,890,12
Custer,30017,2803,44
Daniels,30019,355,9
Dawson,30021,2150,53
Deer Lodge,30023,2149,29
Fallon,30025,633,10
Fergus,30027,2198,52
Flathead,30029,24578,228
Gallatin,30031,32557,113
Garfield,30033,214,3
Glacier,30035,3149,65
Golden Valley,30037,138,5
Granite,30039,491,6
Hill,30041,4067,71
Jefferson,30043,2349,23
Judith Basin,30045,205,1
Lake,30047,5842,91
Lewis and Clark,30049,15890,163
Liberty,30051,356,2
Lincoln,30053,4304,76
McCone,30055,362,9
Madison,30057,1697,20
Meagher,30059,373,10
Mineral,30061,990,15
Missoula,30063,24183,199
Musselshell,30065,860,26
Park,30067,3676,34
Petroleum,30069,34,1
Phillips,30071,988,28
Pondera,30073,1032,6
Powder River,30075,309,10
Powell,30077,1741,26
Prairie,30079,237,3
Ravalli,30081,6465,130
Richland,30083,2373,30
Roosevelt,30085,2777,70
Rosebud,30087,1955,58
Sanders,30089,2014,44
Sheridan,30091,624,10
Silver Bow,30093,7798,118
Stillwater,30095,1389,29
Sweet Grass,30097,728,8
Teton,30099,1191,19
Toole,30101,1141,22
Treasure,30103,125,1
Valley,30105,1555,33
Wheatland,30107,329,13
Wibaux,30109,197,8
Yellowstone,30111,38742,487
Acadia,22001,15072,272
Allen,22003,7379,120
Ascension,22005,33396,264
Assumption,22007,5276,62
Avoyelles,22009,10927,187
Beauregard,22011,8614,133
Bienville,22013,3764,102
Bossier,22015,35739,432
Caddo,22017,64581,1031
Calcasieu,22019,50378,655
Caldwell,22021,2874,43
Cameron,22023,1136,8
Catahoula,22025,2553,49
Claiborne,22027,3068,67
Concordia,22029,4775,85
De Soto,22031,7054,125
East Baton Rouge,22033,106039,1240
East Carroll,22035,2340,35
East Feliciana,22037,7037,158
Evangeline,22039,7959,148
Franklin,22041,6569,152
Grant,22043,5433,84
Iberia,22045,17987,241
Iberville,22047,8594,137
Jackson,22049,4058,66
Jefferson,22051,109308,1245
Jefferson Davis,22053,6593,138
Lafayette,22055,58782,438
Lafourche,22057,26245,332
LaSalle,22059,3925,49
Lincoln,22061,11336,124
Livingston,22063,35207,428
Madison,22065,3164,56
Morehouse,22067,6512,125
Natchitoches,22069,9522,148
Orleans,22071,83051,1058
Ouachita,22073,47826,652
Plaquemines,22075,6192,43
Pointe Coupee,22077,5594,86
Rapides,22079,31212,505
Red River,22081,2027,49
Richland,22083,6095,84
Sabine,22085,6056,102
St. Bernard,22087,10801,105
St. Charles,22089,13318,135
St. Helena,22091,1813,21
St. James,22093,5383,73
St. John the Baptist,22095,10118,177
St. Landry,22097,20811,362
St. Martin,22099,12138,173
St. Mary,22101,11880,246
St. Tammany,22103,68876,771
Tangipahoa,22105,32927,552
Tensas,22107,916,10
Terrebonne,22109,29133,378
Union,22111,6475,119
Vermilion,22113,14380,202
Vernon,22115,9231,173
Washington,22117,12232,230
Webster,22119,10471,158
West Baton Rouge,22121,6962,81
West Carroll,22123,3373,53
West Feliciana,22125,2685,41
Winn,22127,4089,58
Adams,55001,4372,47
Ashland,55003,3029,30
Barron,55005,12888,127
Bayfield,55007,2978,36
Brown,55009,80903,421
Buffalo,55011,3209,11
Burnett,55013,3741,38
Calumet,55015,13967,102
Chippewa,55017,17776,161
Clark,55019,7297,112
Columbia,55021,14401,116
Crawford,55023,3972,28
Dane,55025,115276,456
Dodge,55027,25806,290
Door,55029,6712,53
Douglas,55031,10717,71
Dunn,55033,12573,65
Eau Claire,55035,28417,172
Florence,55037,1005,15
Fond du Lac,55039,30443,212
Forest,55041,2539,47
Grant,55043,11982,136
Green,55045,8455,48
Green Lake,55047,4790,55
Iowa,55049,4850,24
Iron,55051,1410,45
Jackson,55053,5478,40
Jefferson,55055,20357,204
Juneau,55057,7348,58
Kenosha,55059,42452,571
Kewaunee,55061,5680,53
La Crosse,55063,32379,152
Lafayette,55065,3449,19
Langlade,55067,5001,72
Lincoln,55069,6669,128
Manitowoc,55071,19576,166
Marathon,55073,37450,448
Marinette,55075,11021,102
Marquette,55077,3623,46
Menominee,55078,1795,12
Milwaukee,55079,260580,1973
Monroe,55081,11307,76
Oconto,55083,11039,96
Oneida,55085,8119,123
Outagamie,55087,52421,330
Ozaukee,55089,21155,141
Pepin,55091,1862,16
Pierce,55093,10883,67
Polk,55095,11649,115
Portage,55097,17118,138
Price,55099,3073,28
Racine,55101,54442,598
Richland,55103,3612,39
Rock,55105,40257,316
Rusk,55107,3282,45
St. Croix,55109,23214,128
Sauk,55111,15116,96
Sawyer,55113,4360,53
Shawano,55115,11259,124
Sheboygan,55117,31069,266
Taylor,55119,4668,65
Trempealeau,55121,8030,58
Vernon,55123,5485,80
Vilas,55125,4940,83
Walworth,55127,25603,254
Washburn,55129,3757,39
Washington,55131,36751,272
Waukesha,55133,107840,926
Waupaca,55135,13047,235
Waushara,55137,6081,76
Winnebago,55139,49127,333
Wood,55141,19702,197
Alameda,06001,244682,1613
Alpine,06003,124,0
Amador,06005,8097,73
Butte,06007,36002,354
Calaveras,06009,6920,96
Colusa,06011,4083,21
Contra Costa,06013,183484,1102
Del Norte,06015,5132,43
El Dorado,06017,27343,184
Fresno,06019,227135,2463
Glenn,06021,5986,55
Humboldt,06023,17614,130
Imperial,06025,58490,845
Inyo,06027,4225,50
Kern,06029,214959,2012
Kings,06031,49636,398
Lake,06033,9910,119
Lassen,06035,9710,61
Los Angeles,06037,2660118,28963
Madera,06039,38109,336
Marin,06041,33839,253
Anderson,47001,18176,284
Mariposa,06043,2663,19
Bedford,47003,12723,209
Mendocino,06045,13949,113
Benton,47005,3746,83
Merced,06047,64702,745
Bledsoe,47007,4161,43
Modoc,06049,1485,11
Blount,47009,33274,345
Mono,06051,3003,5
Bradley,47011,29481,345
Monterey,06053,81652,668
Campbell,47013,9870,135
Napa,06055,23098,114
Cannon,47015,3506,52
Nevada,06057,15712,112
Carroll,47017,7712,134
Orange,06059,553030,6100
Carter,47019,13618,283
Placer,06061,64304,524
Cheatham,47021,9678,104
Plumas,06063,2776,12
Chester,47023,4929,84
Riverside,06065,580183,5868
Claiborne,47025,7339,149
Sacramento,06067,277513,2677
Clay,47027,1916,44
San Benito,06069,12460,90
Cocke,47029,9821,187
San Bernardino,06071,554565,6302
Coffee,47031,14484,222
San Diego,06073,730252,4665
Crockett,47033,4501,75
San Francisco,06075,122044,712
Cumberland,47035,13776,289
San Joaquin,06077,164324,1985
Davidson,47037,196376,1458
San Luis Obispo,06079,50863,394
Decatur,47039,3196,52
San Mateo,06081,116728,655
DeKalb,47041,5363,91
Santa Barbara,06083,82919,606
Dickson,47043,13642,217
Santa Clara,06085,294038,2036
Dyer,47045,11187,172
Santa Cruz,06087,43226,240
Fayette,47047,10366,142
Shasta,06089,33380,526
Fentress,47049,4745,106
Sierra,06091,299,0
Franklin,47051,10929,149
Siskiyou,06093,6604,86
Gibson,47053,15018,223
Solano,06095,76194,414
Giles,47055,8195,159
Sonoma,06097,77654,445
Grainger,47057,5763,96
Stanislaus,06099,126644,1532
Greene,47059,18608,312
Sutter,06101,20646,210
Grundy,47061,3480,66
Tehama,06103,13418,145
Hamblen,47063,17330,306
Trinity,06105,1339,19
Hamilton,47065,89000,988
Tulare,06107,119985,1245
Hancock,47067,1670,29
Tuolumne,06109,11841,161
Hardeman,47069,6593,100
Ventura,06111,170797,1290
Hardin,47071,7345,117
Yolo,06113,35696,275
Hawkins,47073,13835,257
Yuba,06115,16235,104
Haywood,47075,5449,83
Henderson,47077,7681,124
Henry,47079,6999,127
Hickman,47081,5947,95
Houston,47083,2284,56
Humphreys,47085,4031,61
Jackson,47087,2656,51
Jefferson,47089,13394,229
Johnson,47091,4568,72
Knox,47093,109058,1132
Lake,47095,2489,34
Lauderdale,47097,6938,83
Lawrence,47099,12472,166
Lewis,47101,3045,49
Lincoln,47103,8724,137
Loudon,47105,12411,156
McMinn,47107,14025,212
McNairy,47109,6192,91
Macon,47111,7234,124
Madison,47113,25844,374
Marion,47115,7388,116
Marshall,47117,8883,108
Maury,47119,25789,287
Meigs,47121,2905,48
Monroe,47123,12335,203
Montgomery,47125,43884,494
Moore,47127,1940,34
Morgan,47129,4957,64
Obion,47131,9614,154
Overton,47133,6079,118
Perry,47135,2008,43
Pickett,47137,1505,28
Polk,47139,4085,52
Putnam,47141,21213,271
Rhea,47143,8762,137
Roane,47145,13300,196
Robertson,47147,19078,258
Rutherford,47149,85516,792
Scott,47151,7168,96
Sequatchie,47153,3610,62
Sevier,47155,26992,357
Shelby,47157,221197,2915
Smith,47159,5224,68
Stewart,47161,2850,45
Sullivan,47163,37990,587
Sumner,47165,47376,621
Tipton,47167,15921,191
Trousdale,47169,3793,41
Unicoi,47171,4015,85
Union,47173,4469,68
Van Buren,47175,1540,45
Warren,47177,10915,154
Washington,47179,31002,424
Wayne,47181,5009,52
Weakley,47183,8377,111
White,47185,7022,118
Williamson,47187,55076,351
Wilson,47189,37152,434
Adams,39001,6546,129
Allen,39003,26685,416
Ashland,39005,11555,191
Ashtabula,39007,18927,370
Athens,39009,13418,111
Auglaize,39011,11215,157
Belmont,39013,14894,255
Brown,39015,10632,149
Butler,39017,86742,992
Carroll,39019,5124,105
Champaign,39021,8371,119
Clark,39023,33607,469
Clermont,39025,48981,457
Clinton,39027,9888,139
Columbiana,39029,23527,425
Coshocton,39031,7658,138
Crawford,39033,10741,180
Cuyahoga,39035,262896,3256
Darke,39037,11895,204
Defiance,39039,9872,141
Delaware,39041,42549,231
Erie,39043,18918,237
Fairfield,39045,36989,366
Fayette,39047,7488,98
Franklin,39049,278655,2181
Fulton,39051,10021,161
Gallia,39053,6762,94
Geauga,39055,15669,234
Greene,39057,35530,442
Guernsey,39059,10020,127
Hamilton,39061,180817,1791
Hancock,39063,16553,241
Hardin,39065,6795,135
Harrison,39067,3094,65
Henry,39069,6219,98
Highland,39071,10173,154
Hocking,39073,6172,107
Holmes,39075,4975,167
Huron,39077,14141,199
Jackson,39079,8198,125
Jefferson,39081,14115,272
Knox,39083,12565,207
Lake,39085,47967,646
Lawrence,39087,16183,196
Licking,39089,39884,428
Logan,39091,9787,149
Lorain,39093,64882,850
Lucas,39095,95798,1207
Madison,39097,9310,114
Mahoning,39099,52013,954
Marion,39101,19170,240
Medina,39103,39169,437
Meigs,39105,4189,74
Mercer,39107,9370,115
Miami,39109,24948,422
Monroe,39111,3306,69
Montgomery,39113,121773,1680
Morgan,39115,3044,48
Morrow,39117,7486,86
Muskingum,39119,24322,257
Noble,39121,3070,53
Ottawa,39123,8135,125
Paulding,39125,4447,69
Perry,39127,7811,105
Pickaway,39129,16904,187
Pike,39131,6965,91
Portage,39133,32931,391
Preble,39135,8917,175
Putnam,39137,8239,139
Richland,39139,30414,452
Ross,39141,18282,264
Sandusky,39143,13580,210
Scioto,39145,19232,217
Seneca,39147,12357,210
Shelby,39149,10730,166
Stark,39151,78231,1503
Summit,39153,110069,1488
Trumbull,39155,40374,811
Tuscarawas,39157,20045,441
Union,39159,14801,84
Van Wert,39161,6296,126
Vinton,39163,2721,47
Warren,39165,55320,503
Washington,39167,11718,173
Wayne,39169,22565,380
Williams,39171,8649,146
Wood,39173,30214,309
Wyandot,39175,5195,95
Adams,31001,5996,56
Antelope,31003,1008,12
Arthur,31005,30,1
Banner,31007,92,2
Blaine,31009,59,3
Boone,31011,1009,4
Box Butte,31013,2123,16
Boyd,31015,367,5
Brown,31017,479,4
Buffalo,31019,10920,90
Burt,31021,1229,15
Butler,31023,1738,12
Cass,31025,5698,33
Cedar,31027,1376,11
Chase,31029,707,6
Cherry,31031,523,8
Cheyenne,31033,1829,22
Clay,31035,1358,17
Colfax,31037,2538,26
Cuming,31039,1705,15
Custer,31041,1885,26
Dakota,31043,6366,82
Dawes,31045,1292,21
Dawson,31047,4959,41
Deuel,31049,300,2
Dixon,31051,1079,11
Dodge,31053,9286,84
Douglas,31055,137628,991
Dundy,31057,329,6
Fillmore,31059,1052,13
Franklin,31061,389,8
Frontier,31063,502,2
Furnas,31065,1026,6
Gage,31067,3363,37
Garden,31069,323,1
Garfield,31071,371,2
Gosper,31073,345,7
Grant,31075,100,5
Greeley,31077,380,2
Hall,31079,15143,120
Hamilton,31081,2052,22
Harlan,31083,372,2
Hayes,31085,100,0
Hitchcock,31087,481,6
Holt,31089,1950,18
Hooker,31091,108,3
Howard,31093,1112,15
Jefferson,31095,1158,6
Johnson,31097,852,10
Kearney,31099,1127,7
Keith,31101,1422,14
Keya Paha,31103,108,0
Kimball,31105,705,9
Knox,31107,1544,13
Lancaster,31109,70448,392
Lincoln,31111,7924,87
Logan,31113,133,0
Loup,31115,86,0
McPherson,31117,66,1
Madison,31119,9014,58
Merrick,31121,1605,15
Morrill,31123,1107,17
Nance,31125,743,10
Nemaha,31127,1390,18
Nuckolls,31129,880,13
Otoe,31131,3098,16
Pawnee,31133,378,4
Perkins,31135,509,12
Phelps,31137,2114,11
Pierce,31139,1205,21
Platte,31141,7977,70
Polk,31143,1107,18
Red Willow,31145,2136,18
Richardson,31147,1641,24
Rock,31149,167,2
Saline,31151,3520,8
Sarpy,31153,46446,222
Saunders,31155,4621,25
Scotts Bluff,31157,9425,102
Seward,31159,2996,40
Sheridan,31161,949,23
Sherman,31163,543,4
Sioux,31165,75,1
Stanton,31167,676,11
Thayer,31169,1025,8
Thomas,31171,97,1
Thurston,31173,1602,19
Valley,31175,690,5
Washington,31177,4244,31
Wayne,31179,1647,11
Webster,31181,678,9
Wheeler,31183,118,0
York,31185,3486,19
Androscoggin,23001,17596,189
Aroostook,23003,8364,112
Cumberland,23005,35577,295
Franklin,23007,4373,48
Hancock,23009,5124,70
Kennebec,23011,16813,182
Knox,23013,4148,22
Lincoln,23015,3679,19
Oxford,23017,8709,115
Penobscot,23019,19669,255
Piscataquis,23021,2219,25
Sagadahoc,23023,3650,24
Somerset,23025,7367,80
Waldo,23027,4341,48
Washington,23029,3091,45
York,23031,29504,209
Hawaii,15001,23466,164
Honolulu,15003,153552,873
Kalawao,15005,1,0
Kauai,15007,9823,22
Maui,15009,27407,110
Albany,56001,9397,45
Big Horn,56003,2415,60
Campbell,56005,11374,134
Carbon,56007,4248,50
Converse,56009,2962,49
Crook,56011,1249,22
Fremont,56013,12654,169
Goshen,56015,3315,53
Hot Springs,56017,1054,14
Johnson,56019,1784,18
Laramie,56021,24426,250
Lincoln,56023,3750,27
Natrona,56025,21077,253
Niobrara,56027,567,8
Park,56029,6414,126
Platte,56031,1809,38
Sheridan,56033,7621,63
Sublette,56035,1808,25
Sweetwater,56037,10290,115
Teton,56039,9323,15
Uinta,56041,5335,34
Washakie,56043,2179,41
Weston,56045,1454,16
Anderson,48001,9249,218
Andrews,48003,3709,69
Angelina,48005,14822,443
Aransas,48007,3628,71
Archer,48009,2003,24
Armstrong,48011,473,8
Atascosa,48013,12468,216
Austin,48015,5152,60
Bailey,48017,1334,31
Bandera,48019,3294,69
Bastrop,48021,20559,199
Baylor,48023,780,28
Bee,48025,7733,141
Bell,48027,60491,782
Bexar,48029,507920,5542
Blanco,48031,2327,29
Borden,48033,93,2
Bosque,48035,3735,62
Bowie,48037,17801,373
Brazoria,48039,88776,912
Brazos,48041,56959,374
Brewster,48043,1142,25
Briscoe,48045,420,8
Brooks,48047,1481,49
Brown,48049,10946,214
Burleson,48051,4770,62
Burnet,48053,10061,142
Caldwell,48055,13084,166
Calhoun,48057,5363,41
Callahan,48059,2658,63
Cameron,48061,91617,2029
Camp,48063,2616,70
Carson,48065,1387,31
Cass,48067,6136,171
Castro,48069,2188,45
Chambers,48071,11231,106
Cherokee,48073,7639,233
Childress,48075,2266,27
Clay,48077,1978,27
Cochran,48079,804,21
Coke,48081,810,18
Coleman,48083,1537,64
Collin,48085,191994,1311
Collingsworth,48087,625,13
Colorado,48089,3395,57
Comal,48091,29903,499
Comanche,48093,3041,72
Concho,48095,997,10
Cooke,48097,6883,118
Coryell,48099,16179,178
Cottle,48101,272,9
Crane,48103,1168,20
Crockett,48105,1001,17
Crosby,48107,1779,44
Culberson,48109,497,13
Dallam,48111,1944,36
Dallas,48113,544412,6040
Dawson,48115,2508,90
Deaf Smith,48117,4045,105
Delta,48119,1687,22
Denton,48121,162119,1179
DeWitt,48123,6251,86
Dickens,48125,403,15
Dimmit,48127,5280,48
Donley,48129,927,20
Duval,48131,2950,64
Eastland,48133,2675,97
Ector,48135,35928,606
Edwards,48137,435,10
Ellis,48139,46209,518
El Paso,48141,192843,3387
Erath,48143,8070,112
Falls,48145,3576,55
Fannin,48147,6351,163
Fayette,48149,4500,98
Fisher,48151,568,20
Floyd,48153,1845,44
Foard,48155,199,11
Fort Bend,48157,165211,1099
Franklin,48159,1959,37
Freestone,48161,3702,80
Frio,48163,5126,82
Gaines,48165,2327,75
Galveston,48167,90377,786
Garza,48169,1188,26
Gillespie,48171,4929,96
Glasscock,48173,189,3
Goliad,48175,1072,28
Gonzales,48177,4304,92
Gray,48179,5812,109
Grayson,48181,25151,559
Gregg,48183,22167,604
Grimes,48185,8028,113
Guadalupe,48187,34195,357
Hale,48189,8989,220
Hall,48191,905,20
Adair,40001,6678,65
Hamilton,48193,1899,29
Alfalfa,40003,1596,10
Hansford,48195,1562,27
Atoka,40005,3449,41
Hardeman,48197,543,14
Beaver,40007,852,10
Hardin,48199,11595,223
Beckham,40009,5317,90
Harris,48201,954151,10169
Blaine,40011,2192,34
Harrison,48203,12047,203
Bryan,40013,12368,120
Hartley,48205,1232,3
Caddo,40015,7448,143
Haskell,48207,871,37
Canadian,40017,35570,328
Hays,48209,53842,447
Carter,40019,12342,204
Hemphill,48211,1017,4
Cherokee,40021,12495,130
Henderson,48213,13899,372
Choctaw,40023,3659,53
Hidalgo,48215,173413,3600
Cimarron,40025,502,0
Hill,48217,8423,184
Cleveland,40027,70801,676
Hockley,48219,7331,150
Coal,40029,1382,20
Hood,48221,12513,236
Comanche,40031,28895,338
Hopkins,48223,6816,160
Cotton,40033,1258,24
Houston,48225,3631,96
Craig,40035,4030,40
Howard,48227,6314,158
Creek,40037,15587,287
Hudspeth,48229,914,16
Custer,40039,7072,142
Hunt,48231,14972,329
Delaware,40041,9792,174
Hutchinson,48233,6274,121
Dewey,40043,975,25
Irion,48235,403,3
Ellis,40045,671,7
Jack,48237,1410,23
Garfield,40047,13189,229
Jackson,48239,3105,55
Garvin,40049,6291,115
Jasper,48241,5749,170
Grady,40051,12450,216
Jeff Davis,48243,221,8
Grant,40053,931,12
Jefferson,48245,40812,762
Greer,40055,1120,29
Jim Hogg,48247,2055,20
Harmon,40057,476,10
Jim Wells,48249,10287,186
Harper,40059,672,11
Johnson,48251,39902,643
Haskell,40061,2368,33
Jones,48253,4312,85
Hughes,40063,2234,49
Karnes,48255,5075,60
Jackson,40065,5727,92
Kaufman,48257,33317,477
Jefferson,40067,1172,20
Kendall,48259,7450,106
Johnston,40069,2709,49
Kenedy,48261,72,2
Kay,40071,10688,183
Kent,48263,193,3
Kingfisher,40073,3561,56
Kerr,48265,9020,159
Kiowa,40075,1655,48
Kimble,48267,638,12
Latimer,40077,1969,31
King,48269,39,0
Le Flore,40079,10815,98
Kinney,48271,704,10
Lincoln,40081,6845,119
Kleberg,48273,6299,134
Logan,40083,9593,140
Knox,48275,474,22
Love,40085,2707,31
Lamar,48277,11951,231
McClain,40087,10440,111
Lamb,48279,4180,104
McCurtain,40089,7454,141
Lampasas,48281,5211,75
McIntosh,40091,4244,108
La Salle,48283,2087,42
Major,40093,2192,34
Lavaca,48285,4026,106
Marshall,40095,4141,32
Lee,48287,3846,56
Mayes,40097,8705,138
Leon,48289,3520,78
Murray,40099,3739,62
Liberty,48291,16637,374
Muskogee,40101,17427,291
Limestone,48293,4811,116
Noble,40103,2613,34
Lipscomb,48295,595,13
Nowata,40105,2423,34
Live Oak,48297,2050,40
Okfuskee,40107,3137,52
Llano,48299,3640,88
Oklahoma,40109,176232,2040
Loving,48301,119,0
Okmulgee,40111,8012,158
Lubbock,48303,94459,1199
Osage,40113,9614,144
Lynn,48305,1319,32
Ottawa,40115,8017,110
McCulloch,48307,1210,42
Pawnee,40117,3656,70
McLennan,48309,53423,806
Payne,40119,15921,134
McMullen,48311,153,8
Pittsburg,40121,9384,183
Madison,48313,3549,49
Pontotoc,40123,10232,111
Marion,48315,1532,55
Pottawatomie,40125,18315,232
Martin,48317,1093,24
Pushmataha,40127,2280,42
Mason,48319,742,9
Roger Mills,40129,805,13
Matagorda,48321,7756,170
Rogers,40131,22295,327
Maverick,48323,19625,428
Seminole,40133,5347,108
Medina,48325,9218,179
Sequoyah,40135,9194,94
Menard,48327,466,12
Stephens,40137,9690,164
Midland,48329,35115,443
Texas,40139,5508,46
Milam,48331,4679,93
Tillman,40141,1369,30
Mills,48333,1409,29
Tulsa,40143,150136,1880
Mitchell,48335,1789,46
Wagoner,40145,19244,237
Montague,48337,4379,110
Washington,40147,10914,222
Montgomery,48339,129046,1193
Washita,40149,2358,38
Moore,48341,5042,104
Woods,40151,2081,30
Morris,48343,2351,61
Woodward,40153,4704,60
Motley,48345,256,11
Nacogdoches,48347,11228,243
Navarro,48349,11647,203
Newton,48351,1249,56
Nolan,48353,2888,89
Nueces,48355,86904,1372
Ochiltree,48357,1949,42
Oldham,48359,510,6
Orange,48361,14715,316
Palo Pinto,48363,6663,138
Panola,48365,4178,116
Parker,48367,32428,382
Parmer,48369,2136,46
Pecos,48371,2551,62
Polk,48373,7398,228
Potter,48375,33650,636
Presidio,48377,953,32
Rains,48379,1843,52
Randall,48381,35799,437
Reagan,48383,800,13
Churchill,32001,5852,93
Real,48385,762,23
Clark,32003,494743,6893
Red River,48387,2065,59
Douglas,32005,7281,79
Reeves,48389,4400,64
Elko,32007,11762,127
Refugio,48391,1650,31
Esmeralda,32009,87,2
Roberts,48393,156,1
Eureka,32011,294,1
Robertson,48395,4370,70
Humboldt,32013,4147,46
Rockwall,48397,25112,241
Lander,32015,1010,16
Runnels,48399,2172,60
Lincoln,32017,908,5
Rusk,48401,10078,201
Lyon,32019,9739,153
Sabine,48403,1184,79
Mineral,32021,892,15
San Augustine,48405,1007,38
Nye,32023,6311,211
San Jacinto,48407,4977,90
San Patricio,48409,10177,315
Pershing,32027,1333,29
San Saba,48411,1197,31
Storey,32029,325,9
Schleicher,48413,484,9
Washoe,32031,96999,1065
Scurry,48415,4813,95
White Pine,32033,1805,18
Shackelford,48417,616,12
Shelby,48419,4141,117
Sherman,48421,457,16
Smith,48423,42423,869
Somervell,48425,1989,31
Starr,48427,16461,340
Stephens,48429,1727,40
Sterling,48431,242,5
Stonewall,48433,325,7
Sutton,48435,744,11
Swisher,48437,1839,30
Tarrant,48439,522861,5277
Taylor,48441,31375,646
Terrell,48443,117,3
Terry,48445,2572,80
Throckmorton,48447,253,7
Titus,48449,7892,113
Tom Green,48451,39614,410
Travis,48453,209160,1563
Trinity,48455,2346,67
Tyler,48457,3258,75
Upshur,48459,7167,164
Upton,48461,768,17
Uvalde,48463,10109,121
Val Verde,48465,13590,264
Van Zandt,48467,9810,247
Victoria,48469,17580,369
Walker,48471,17489,197
Waller,48473,8887,95
Ward,48475,2619,39
Washington,48477,8623,138
Webb,48479,84617,992
Wharton,48481,8013,196
Wheeler,48483,1104,15
Wichita,48485,32084,585
Wilbarger,48487,3344,79
Willacy,48489,6340,118
Williamson,48491,123740,798
Wilson,48493,10155,151
Winkler,48495,1715,33
Wise,48497,16190,232
Wood,48499,7589,257
Yoakum,48501,1410,37
Young,48503,3657,78
Zapata,48505,2924,47
Zavala,48507,3787,58
Allegany,24001,15610,322
Anne Arundel,24003,84380,966
Baltimore,24005,124943,2278
Calvert,24009,10440,128
Caroline,24011,5677,66
Carroll,24013,19978,367
Cecil,24015,14319,242
Charles,24017,26250,322
Dorchester,24019,7204,100
Frederick,24021,42713,480
Garrett,24023,5180,109
Harford,24025,36012,524
Howard,24027,40654,338
Kent,24029,2883,64
Montgomery,24031,157489,1910
Prince George's,24033,161845,1996
Queen Anne's,24035,6695,105
St. Mary's,24037,17555,197
Somerset,24039,4863,66
Talbot,24041,5181,73
Washington,24043,32728,527
Wicomico,24045,18342,294
Worcester,24047,8142,144
Ada,16001,105862,925
Adams,16003,636,14
Bannock,16005,19297,229
Bear Lake,16007,884,15
Benewah,16009,1872,33
Bingham,16011,9331,141
Blaine,16013,4865,28
Boise,16015,967,13
Bonner,16017,7630,162
Bonneville,16019,29619,264
Boundary,16021,1884,54
Butte,16023,455,7
Camas,16025,124,2
Canyon,16027,53023,627
Caribou,16029,1399,25
Cassia,16031,4273,48
Clark,16033,104,0
Clearwater,16035,2110,29
Custer,16037,493,7
Elmore,16039,5288,57
Franklin,16041,2172,27
Fremont,16043,2177,22
Gem,16045,3249,74
Gooding,16047,2607,48
Idaho,16049,2796,44
Jefferson,16051,5750,56
Jerome,16053,4842,59
Kootenai,16055,36081,524
Latah,16057,6224,44
Lemhi,16059,1198,25
Lewis,16061,1048,25
Lincoln,16063,860,14
Madison,16065,12185,43
Minidoka,16067,3533,55
Nez Perce,16069,8289,125
Oneida,16071,751,10
Owyhee,16073,1988,47
Payette,16075,4865,77
Power,16077,1414,18
Shoshone,16079,2403,71
Teton,16081,2588,8
Twin Falls,16083,18913,261
Valley,16085,2254,14
Washington,16087,2099,52
Carson City,32510,13428,189
Adams,08001,126442,1222
Alamosa,08003,4089,58
Arapahoe,08005,143854,1172
Archuleta,08007,2721,10
Baca,08009,703,8
Bent,08011,2177,46
Boulder,08013,57838,348
Broomfield,08014,12346,104
Chaffee,08015,4013,40
Cheyenne,08017,295,9
Clear Creek,08019,1442,10
Conejos,08021,1572,49
Costilla,08023,591,14
Crowley,08025,2879,28
Custer,08027,593,18
Delta,08029,5487,124
Denver,08031,158633,1185
Dolores,08033,332,7
Douglas,08035,73324,402
Eagle,08037,15077,34
Elbert,08039,4453,33
El Paso,08041,170043,1511
Beaver,49001,1568,14
Fremont,08043,13146,172
Box Elder,49003,13432,103
Garfield,08045,13442,84
Cache,49005,35293,89
Gilpin,08047,886,4
Carbon,49007,4862,42
Grand,08049,3302,22
Daggett,49009,142,0
Gunnison,08051,3081,13
Davis,49011,95136,342
Hinsdale,08053,117,0
Duchesne,49013,4063,21
Huerfano,08055,1298,28
Emery,49015,2358,25
Jackson,08057,146,0
Garfield,49017,880,12
Jefferson,08059,112949,1212
Grand,49019,2159,6
Kiowa,08061,313,5
Iron,49021,14067,79
Kit Carson,08063,1489,29
Juab,49023,2754,21
Lake,08065,1718,3
Kane,49025,1234,13
La Plata,08067,11648,74
Millard,49027,3099,32
Larimer,08069,69144,435
Morgan,49029,2751,14
Las Animas,08071,3145,38
Piute,49031,290,6
Lincoln,08073,1869,9
Rich,49033,325,0
Logan,08075,6377,104
Salt Lake,49035,326024,1444
Mesa,08077,38522,499
San Juan,49037,3718,47
Mineral,08079,214,1
Sanpete,49039,7329,48
Moffat,08081,2728,50
Sevier,49041,5130,23
Montezuma,08083,5458,61
Summit,49043,12936,20
Montrose,08085,8457,152
Tooele,49045,20136,88
Morgan,08087,5229,130
Uintah,49047,7562,57
Otero,08089,3968,122
Utah,49049,193906,706
Ouray,08091,804,6
Wasatch,49051,10274,33
Park,08093,2634,18
Washington,49053,42517,394
Phillips,08095,794,15
Wayne,49055,405,0
Pitkin,08097,5939,6
Weber,49057,67454,375
Prowers,08099,2409,45
Pueblo,08101,41721,727
Rio Blanco,08103,1452,13
Rio Grande,08105,2499,42
Routt,08107,5947,25
Saguache,08109,1035,10
San Juan,08111,190,0
San Miguel,08113,2108,7
Sedgwick,08115,432,8
Summit,08117,9293,13
Teller,08119,4516,55
Washington,08121,923,26
Weld,08123,76888,630
Yuma,08125,1737,22
Baltimore city,24510,105251,1629
