,date,county,state,fips,cases,deaths
2752,2020-03-16,Cleburne,Arkansas,5023.0,1,0.0
3232,2020-03-17,Cleburne,Arkansas,5023.0,1,0.0
3783,2020-03-18,Cleburne,Arkansas,5023.0,1,0.0
4431,2020-03-19,Cleburne,Arkansas,5023.0,1,0.0
5203,2020-03-20,Cleburne,Arkansas,5023.0,11,0.0
6122,2020-03-21,Cleburne,Arkansas,5023.0,22,0.0
7156,2020-03-22,Cleburne,Arkansas,5023.0,25,0.0
8299,2020-03-23,Cleburne,Arkansas,5023.0,25,0.0
9528,2020-03-24,Cleburne,Arkansas,5023.0,34,1.0
10844,2020-03-25,Cleburne,Alabama,1029.0,1,0.0
10898,2020-03-25,Cleburne,Arkansas,5023.0,41,1.0
12378,2020-03-26,Cleburne,Alabama,1029.0,1,0.0
12440,2020-03-26,Cleburne,Arkansas,5023.0,46,2.0
14036,2020-03-27,Cleburne,Alabama,1029.0,3,0.0
14104,2020-03-27,Cleburne,Arkansas,5023.0,49,2.0
15814,2020-03-28,Cleburne,Alabama,1029.0,4,0.0
15884,2020-03-28,Cleburne,Arkansas,5023.0,50,2.0
17697,2020-03-29,Cleburne,Alabama,1029.0,5,0.0
17770,2020-03-29,Cleburne,Arkansas,5023.0,56,2.0
19667,2020-03-30,Cleburne,Alabama,1029.0,5,0.0
19744,2020-03-30,Cleburne,Arkansas,5023.0,58,2.0
21739,2020-03-31,Cleburne,Alabama,1029.0,5,0.0
21816,2020-03-31,Cleburne,Arkansas,5023.0,61,2.0
23893,2020-04-01,Cleburne,Alabama,1029.0,6,0.0
23973,2020-04-01,Cleburne,Arkansas,5023.0,63,3.0
26114,2020-04-02,Cleburne,Alabama,1029.0,6,0.0
26197,2020-04-02,Cleburne,Arkansas,5023.0,64,3.0
28410,2020-04-03,Cleburne,Alabama,1029.0,7,0.0
28494,2020-04-03,Cleburne,Arkansas,5023.0,65,3.0
30767,2020-04-04,Cleburne,Alabama,1029.0,7,0.0
30851,2020-04-04,Cleburne,Arkansas,5023.0,65,3.0
33171,2020-04-05,Cleburne,Alabama,1029.0,7,0.0
33255,2020-04-05,Cleburne,Arkansas,5023.0,65,4.0
35610,2020-04-06,Cleburne,Alabama,1029.0,9,0.0
35696,2020-04-06,Cleburne,Arkansas,5023.0,65,4.0
38098,2020-04-07,Cleburne,Alabama,1029.0,12,0.0
38185,2020-04-07,Cleburne,Arkansas,5023.0,67,4.0
40640,2020-04-08,Cleburne,Alabama,1029.0,12,0.0
40728,2020-04-08,Cleburne,Arkansas,5023.0,70,4.0
43213,2020-04-09,Cleburne,Alabama,1029.0,12,0.0
43300,2020-04-09,Cleburne,Arkansas,5023.0,69,4.0
45811,2020-04-10,Cleburne,Alabama,1029.0,12,0.0
45899,2020-04-10,Cleburne,Arkansas,5023.0,69,4.0
48440,2020-04-11,Cleburne,Alabama,1029.0,12,0.0
48529,2020-04-11,Cleburne,Arkansas,5023.0,69,4.0
51101,2020-04-12,Cleburne,Alabama,1029.0,12,0.0
51191,2020-04-12,Cleburne,Arkansas,5023.0,70,4.0
53779,2020-04-13,Cleburne,Alabama,1029.0,12,0.0
53869,2020-04-13,Cleburne,Arkansas,5023.0,70,4.0
56471,2020-04-14,Cleburne,Alabama,1029.0,12,0.0
56561,2020-04-14,Cleburne,Arkansas,5023.0,70,4.0
59179,2020-04-15,Cleburne,Alabama,1029.0,12,0.0
59269,2020-04-15,Cleburne,Arkansas,5023.0,70,4.0
61897,2020-04-16,Cleburne,Alabama,1029.0,12,0.0
61988,2020-04-16,Cleburne,Arkansas,5023.0,70,4.0
64630,2020-04-17,Cleburne,Alabama,1029.0,12,0.0
64721,2020-04-17,Cleburne,Arkansas,5023.0,70,4.0
67378,2020-04-18,Cleburne,Alabama,1029.0,12,0.0
67469,2020-04-18,Cleburne,Arkansas,5023.0,70,4.0
70140,2020-04-19,Cleburne,Alabama,1029.0,12,1.0
70231,2020-04-19,Cleburne,Arkansas,5023.0,70,4.0
72909,2020-04-20,Cleburne,Alabama,1029.0,12,1.0
73000,2020-04-20,Cleburne,Arkansas,5023.0,71,4.0
75685,2020-04-21,Cleburne,Alabama,1029.0,12,1.0
75776,2020-04-21,Cleburne,Arkansas,5023.0,71,4.0
78468,2020-04-22,Cleburne,Alabama,1029.0,12,1.0
78560,2020-04-22,Cleburne,Arkansas,5023.0,71,4.0
81261,2020-04-23,Cleburne,Alabama,1029.0,12,1.0
81353,2020-04-23,Cleburne,Arkansas,5023.0,71,4.0
84062,2020-04-24,Cleburne,Alabama,1029.0,12,1.0
84153,2020-04-24,Cleburne,Arkansas,5023.0,72,4.0
86870,2020-04-25,Cleburne,Alabama,1029.0,12,1.0
86961,2020-04-25,Cleburne,Arkansas,5023.0,72,4.0
89686,2020-04-26,Cleburne,Alabama,1029.0,12,1.0
89778,2020-04-26,Cleburne,Arkansas,5023.0,72,4.0
92504,2020-04-27,Cleburne,Alabama,1029.0,12,1.0
92596,2020-04-27,Cleburne,Arkansas,5023.0,72,4.0
95334,2020-04-28,Cleburne,Alabama,1029.0,12,1.0
95426,2020-04-28,Cleburne,Arkansas,5023.0,72,4.0
98179,2020-04-29,Cleburne,Alabama,1029.0,12,1.0
98271,2020-04-29,Cleburne,Arkansas,5023.0,73,4.0
101029,2020-04-30,Cleburne,Alabama,1029.0,12,1.0
101121,2020-04-30,Cleburne,Arkansas,5023.0,73,4.0
103884,2020-05-01,Cleburne,Alabama,1029.0,12,1.0
103976,2020-05-01,Cleburne,Arkansas,5023.0,73,4.0
106749,2020-05-02,Cleburne,Alabama,1029.0,12,1.0
106841,2020-05-02,Cleburne,Arkansas,5023.0,73,4.0
109618,2020-05-03,Cleburne,Alabama,1029.0,12,1.0
109710,2020-05-03,Cleburne,Arkansas,5023.0,73,4.0
112493,2020-05-04,Cleburne,Alabama,1029.0,12,1.0
112585,2020-05-04,Cleburne,Arkansas,5023.0,72,4.0
115376,2020-05-05,Cleburne,Alabama,1029.0,13,1.0
115468,2020-05-05,Cleburne,Arkansas,5023.0,72,4.0
118335,2020-05-06,Cleburne,Alabama,1029.0,13,1.0
118427,2020-05-06,Cleburne,Arkansas,5023.0,72,4.0
121301,2020-05-07,Cleburne,Alabama,1029.0,13,1.0
121394,2020-05-07,Cleburne,Arkansas,5023.0,72,4.0
124281,2020-05-08,Cleburne,Alabama,1029.0,13,1.0
124374,2020-05-08,Cleburne,Arkansas,5023.0,72,4.0
127266,2020-05-09,Cleburne,Alabama,1029.0,13,1.0
127359,2020-05-09,Cleburne,Arkansas,5023.0,72,4.0
130256,2020-05-10,Cleburne,Alabama,1029.0,13,1.0
130349,2020-05-10,Cleburne,Arkansas,5023.0,72,4.0
133246,2020-05-11,Cleburne,Alabama,1029.0,13,1.0
133339,2020-05-11,Cleburne,Arkansas,5023.0,72,4.0
136236,2020-05-12,Cleburne,Alabama,1029.0,13,1.0
136329,2020-05-12,Cleburne,Arkansas,5023.0,72,4.0
139227,2020-05-13,Cleburne,Alabama,1029.0,13,1.0
139320,2020-05-13,Cleburne,Arkansas,5023.0,72,4.0
142223,2020-05-14,Cleburne,Alabama,1029.0,13,1.0
142316,2020-05-14,Cleburne,Arkansas,5023.0,72,4.0
145222,2020-05-15,Cleburne,Alabama,1029.0,13,1.0
145315,2020-05-15,Cleburne,Arkansas,5023.0,72,4.0
148225,2020-05-16,Cleburne,Alabama,1029.0,13,1.0
148318,2020-05-16,Cleburne,Arkansas,5023.0,72,4.0
151234,2020-05-17,Cleburne,Alabama,1029.0,13,1.0
151327,2020-05-17,Cleburne,Arkansas,5023.0,72,4.0
154246,2020-05-18,Cleburne,Alabama,1029.0,13,1.0
154339,2020-05-18,Cleburne,Arkansas,5023.0,72,4.0
157262,2020-05-19,Cleburne,Alabama,1029.0,13,1.0
157355,2020-05-19,Cleburne,Arkansas,5023.0,72,4.0
160286,2020-05-20,Cleburne,Alabama,1029.0,13,1.0
160381,2020-05-20,Cleburne,Arkansas,5023.0,73,4.0
163314,2020-05-21,Cleburne,Alabama,1029.0,13,1.0
163409,2020-05-21,Cleburne,Arkansas,5023.0,73,4.0
166346,2020-05-22,Cleburne,Alabama,1029.0,13,1.0
166441,2020-05-22,Cleburne,Arkansas,5023.0,73,4.0
169382,2020-05-23,Cleburne,Alabama,1029.0,13,1.0
169477,2020-05-23,Cleburne,Arkansas,5023.0,73,4.0
172423,2020-05-24,Cleburne,Alabama,1029.0,13,1.0
172518,2020-05-24,Cleburne,Arkansas,5023.0,73,4.0
175466,2020-05-25,Cleburne,Alabama,1029.0,13,1.0
175562,2020-05-25,Cleburne,Arkansas,5023.0,73,4.0
178511,2020-05-26,Cleburne,Alabama,1029.0,13,1.0
178606,2020-05-26,Cleburne,Arkansas,5023.0,73,4.0
181555,2020-05-27,Cleburne,Alabama,1029.0,13,1.0
181650,2020-05-27,Cleburne,Arkansas,5023.0,73,4.0
184607,2020-05-28,Cleburne,Alabama,1029.0,13,1.0
184704,2020-05-28,Cleburne,Arkansas,5023.0,73,4.0
187664,2020-05-29,Cleburne,Alabama,1029.0,14,1.0
187760,2020-05-29,Cleburne,Arkansas,5023.0,73,4.0
190728,2020-05-30,Cleburne,Alabama,1029.0,14,1.0
190825,2020-05-30,Cleburne,Arkansas,5023.0,73,4.0
193794,2020-05-31,Cleburne,Alabama,1029.0,15,1.0
193892,2020-05-31,Cleburne,Arkansas,5023.0,73,4.0
196864,2020-06-01,Cleburne,Alabama,1029.0,15,1.0
196962,2020-06-01,Cleburne,Arkansas,5023.0,74,4.0
199937,2020-06-02,Cleburne,Alabama,1029.0,15,1.0
200035,2020-06-02,Cleburne,Arkansas,5023.0,74,4.0
203013,2020-06-03,Cleburne,Alabama,1029.0,15,1.0
203111,2020-06-03,Cleburne,Arkansas,5023.0,76,4.0
206092,2020-06-04,Cleburne,Alabama,1029.0,15,1.0
206191,2020-06-04,Cleburne,Arkansas,5023.0,76,4.0
209174,2020-06-05,Cleburne,Alabama,1029.0,15,1.0
209272,2020-06-05,Cleburne,Arkansas,5023.0,74,4.0
212259,2020-06-06,Cleburne,Alabama,1029.0,15,1.0
212357,2020-06-06,Cleburne,Arkansas,5023.0,74,4.0
215346,2020-06-07,Cleburne,Alabama,1029.0,18,1.0
215444,2020-06-07,Cleburne,Arkansas,5023.0,74,4.0
218436,2020-06-08,Cleburne,Alabama,1029.0,19,1.0
218535,2020-06-08,Cleburne,Arkansas,5023.0,75,4.0
221528,2020-06-09,Cleburne,Alabama,1029.0,19,1.0
221630,2020-06-09,Cleburne,Arkansas,5023.0,75,4.0
224624,2020-06-10,Cleburne,Alabama,1029.0,19,1.0
224725,2020-06-10,Cleburne,Arkansas,5023.0,74,4.0
227725,2020-06-11,Cleburne,Alabama,1029.0,20,1.0
227827,2020-06-11,Cleburne,Arkansas,5023.0,74,4.0
230829,2020-06-12,Cleburne,Alabama,1029.0,20,1.0
230930,2020-06-12,Cleburne,Arkansas,5023.0,74,4.0
233934,2020-06-13,Cleburne,Alabama,1029.0,20,1.0
234036,2020-06-13,Cleburne,Arkansas,5023.0,75,4.0
237041,2020-06-14,Cleburne,Alabama,1029.0,21,1.0
237143,2020-06-14,Cleburne,Arkansas,5023.0,75,4.0
240149,2020-06-15,Cleburne,Alabama,1029.0,22,1.0
240251,2020-06-15,Cleburne,Arkansas,5023.0,75,4.0
243260,2020-06-16,Cleburne,Alabama,1029.0,22,1.0
243362,2020-06-16,Cleburne,Arkansas,5023.0,75,4.0
246373,2020-06-17,Cleburne,Alabama,1029.0,22,1.0
246475,2020-06-17,Cleburne,Arkansas,5023.0,75,4.0
249485,2020-06-18,Cleburne,Alabama,1029.0,22,1.0
249587,2020-06-18,Cleburne,Arkansas,5023.0,76,4.0
252600,2020-06-19,Cleburne,Alabama,1029.0,22,1.0
252702,2020-06-19,Cleburne,Arkansas,5023.0,76,4.0
255719,2020-06-20,Cleburne,Alabama,1029.0,22,1.0
255821,2020-06-20,Cleburne,Arkansas,5023.0,77,4.0
258846,2020-06-21,Cleburne,Alabama,1029.0,22,1.0
258948,2020-06-21,Cleburne,Arkansas,5023.0,77,4.0
261973,2020-06-22,Cleburne,Alabama,1029.0,22,1.0
262075,2020-06-22,Cleburne,Arkansas,5023.0,77,4.0
265102,2020-06-23,Cleburne,Alabama,1029.0,23,1.0
265203,2020-06-23,Cleburne,Arkansas,5023.0,77,4.0
268231,2020-06-24,Cleburne,Alabama,1029.0,23,1.0
268333,2020-06-24,Cleburne,Arkansas,5023.0,78,4.0
271365,2020-06-25,Cleburne,Alabama,1029.0,23,1.0
271468,2020-06-25,Cleburne,Arkansas,5023.0,79,4.0
274505,2020-06-26,Cleburne,Alabama,1029.0,24,1.0
274608,2020-06-26,Cleburne,Arkansas,5023.0,82,4.0
277653,2020-06-27,Cleburne,Alabama,1029.0,25,1.0
277756,2020-06-27,Cleburne,Arkansas,5023.0,83,4.0
280801,2020-06-28,Cleburne,Alabama,1029.0,25,1.0
280903,2020-06-28,Cleburne,Arkansas,5023.0,84,4.0
283947,2020-06-29,Cleburne,Alabama,1029.0,30,1.0
284049,2020-06-29,Cleburne,Arkansas,5023.0,85,4.0
287093,2020-06-30,Cleburne,Alabama,1029.0,29,1.0
287195,2020-06-30,Cleburne,Arkansas,5023.0,85,4.0
290243,2020-07-01,Cleburne,Alabama,1029.0,29,1.0
290346,2020-07-01,Cleburne,Arkansas,5023.0,92,4.0
293396,2020-07-02,Cleburne,Alabama,1029.0,30,1.0
293500,2020-07-02,Cleburne,Arkansas,5023.0,101,4.0
296551,2020-07-03,Cleburne,Alabama,1029.0,36,1.0
296656,2020-07-03,Cleburne,Arkansas,5023.0,102,4.0
299713,2020-07-04,Cleburne,Alabama,1029.0,36,1.0
299818,2020-07-04,Cleburne,Arkansas,5023.0,110,4.0
302877,2020-07-05,Cleburne,Alabama,1029.0,36,1.0
302982,2020-07-05,Cleburne,Arkansas,5023.0,111,4.0
306041,2020-07-06,Cleburne,Alabama,1029.0,38,1.0
306146,2020-07-06,Cleburne,Arkansas,5023.0,115,4.0
309210,2020-07-07,Cleburne,Alabama,1029.0,39,1.0
309314,2020-07-07,Cleburne,Arkansas,5023.0,117,4.0
312379,2020-07-08,Cleburne,Alabama,1029.0,39,1.0
312484,2020-07-08,Cleburne,Arkansas,5023.0,119,4.0
315554,2020-07-09,Cleburne,Alabama,1029.0,41,1.0
315659,2020-07-09,Cleburne,Arkansas,5023.0,124,4.0
318727,2020-07-10,Cleburne,Alabama,1029.0,42,1.0
318832,2020-07-10,Cleburne,Arkansas,5023.0,128,4.0
321906,2020-07-11,Cleburne,Alabama,1029.0,42,1.0
322011,2020-07-11,Cleburne,Arkansas,5023.0,130,4.0
325087,2020-07-12,Cleburne,Alabama,1029.0,45,1.0
325192,2020-07-12,Cleburne,Arkansas,5023.0,132,4.0
328273,2020-07-13,Cleburne,Alabama,1029.0,48,1.0
328378,2020-07-13,Cleburne,Arkansas,5023.0,133,4.0
331459,2020-07-14,Cleburne,Alabama,1029.0,53,1.0
331564,2020-07-14,Cleburne,Arkansas,5023.0,137,4.0
334652,2020-07-15,Cleburne,Alabama,1029.0,62,1.0
334757,2020-07-15,Cleburne,Arkansas,5023.0,138,4.0
337847,2020-07-16,Cleburne,Alabama,1029.0,63,1.0
337952,2020-07-16,Cleburne,Arkansas,5023.0,148,4.0
341043,2020-07-17,Cleburne,Alabama,1029.0,67,1.0
341148,2020-07-17,Cleburne,Arkansas,5023.0,149,5.0
344242,2020-07-18,Cleburne,Alabama,1029.0,72,1.0
344347,2020-07-18,Cleburne,Arkansas,5023.0,153,5.0
347442,2020-07-19,Cleburne,Alabama,1029.0,79,1.0
347547,2020-07-19,Cleburne,Arkansas,5023.0,154,5.0
350643,2020-07-20,Cleburne,Alabama,1029.0,80,1.0
350748,2020-07-20,Cleburne,Arkansas,5023.0,156,5.0
353845,2020-07-21,Cleburne,Alabama,1029.0,80,1.0
353950,2020-07-21,Cleburne,Arkansas,5023.0,159,5.0
357048,2020-07-22,Cleburne,Alabama,1029.0,82,1.0
357153,2020-07-22,Cleburne,Arkansas,5023.0,160,5.0
360253,2020-07-23,Cleburne,Alabama,1029.0,84,1.0
360358,2020-07-23,Cleburne,Arkansas,5023.0,165,5.0
363459,2020-07-24,Cleburne,Alabama,1029.0,89,1.0
363565,2020-07-24,Cleburne,Arkansas,5023.0,167,5.0
366666,2020-07-25,Cleburne,Alabama,1029.0,95,1.0
366772,2020-07-25,Cleburne,Arkansas,5023.0,173,5.0
369876,2020-07-26,Cleburne,Alabama,1029.0,95,1.0
369982,2020-07-26,Cleburne,Arkansas,5023.0,174,5.0
373088,2020-07-27,Cleburne,Alabama,1029.0,101,1.0
373194,2020-07-27,Cleburne,Arkansas,5023.0,175,5.0
376302,2020-07-28,Cleburne,Alabama,1029.0,105,1.0
376408,2020-07-28,Cleburne,Arkansas,5023.0,175,5.0
379518,2020-07-29,Cleburne,Alabama,1029.0,109,1.0
379624,2020-07-29,Cleburne,Arkansas,5023.0,175,5.0
382735,2020-07-30,Cleburne,Alabama,1029.0,110,1.0
382841,2020-07-30,Cleburne,Arkansas,5023.0,175,5.0
385953,2020-07-31,Cleburne,Alabama,1029.0,111,1.0
386059,2020-07-31,Cleburne,Arkansas,5023.0,178,5.0
389170,2020-08-01,Cleburne,Alabama,1029.0,113,1.0
389276,2020-08-01,Cleburne,Arkansas,5023.0,179,5.0
392387,2020-08-02,Cleburne,Alabama,1029.0,115,1.0
392493,2020-08-02,Cleburne,Arkansas,5023.0,181,5.0
395603,2020-08-03,Cleburne,Alabama,1029.0,122,1.0
395709,2020-08-03,Cleburne,Arkansas,5023.0,182,5.0
398819,2020-08-04,Cleburne,Alabama,1029.0,122,1.0
398925,2020-08-04,Cleburne,Arkansas,5023.0,183,5.0
402035,2020-08-05,Cleburne,Alabama,1029.0,122,1.0
402141,2020-08-05,Cleburne,Arkansas,5023.0,187,5.0
405253,2020-08-06,Cleburne,Alabama,1029.0,126,1.0
405359,2020-08-06,Cleburne,Arkansas,5023.0,188,5.0
408473,2020-08-07,Cleburne,Alabama,1029.0,126,1.0
408579,2020-08-07,Cleburne,Arkansas,5023.0,194,5.0
411692,2020-08-08,Cleburne,Alabama,1029.0,128,1.0
411798,2020-08-08,Cleburne,Arkansas,5023.0,194,5.0
414912,2020-08-09,Cleburne,Alabama,1029.0,129,1.0
415018,2020-08-09,Cleburne,Arkansas,5023.0,200,5.0
418133,2020-08-10,Cleburne,Alabama,1029.0,130,1.0
418239,2020-08-10,Cleburne,Arkansas,5023.0,202,5.0
421354,2020-08-11,Cleburne,Alabama,1029.0,134,1.0
421460,2020-08-11,Cleburne,Arkansas,5023.0,202,5.0
424575,2020-08-12,Cleburne,Alabama,1029.0,134,1.0
424681,2020-08-12,Cleburne,Arkansas,5023.0,206,5.0
427799,2020-08-13,Cleburne,Alabama,1029.0,134,1.0
427905,2020-08-13,Cleburne,Arkansas,5023.0,210,5.0
431027,2020-08-14,Cleburne,Alabama,1029.0,135,1.0
431133,2020-08-14,Cleburne,Arkansas,5023.0,210,5.0
434252,2020-08-15,Cleburne,Alabama,1029.0,136,1.0
434358,2020-08-15,Cleburne,Arkansas,5023.0,220,5.0
437478,2020-08-16,Cleburne,Alabama,1029.0,137,1.0
437584,2020-08-16,Cleburne,Arkansas,5023.0,225,5.0
440704,2020-08-17,Cleburne,Alabama,1029.0,138,1.0
440810,2020-08-17,Cleburne,Arkansas,5023.0,228,5.0
443930,2020-08-18,Cleburne,Alabama,1029.0,152,1.0
444036,2020-08-18,Cleburne,Arkansas,5023.0,229,5.0
447157,2020-08-19,Cleburne,Alabama,1029.0,168,1.0
447263,2020-08-19,Cleburne,Arkansas,5023.0,233,5.0
450385,2020-08-20,Cleburne,Alabama,1029.0,174,2.0
450491,2020-08-20,Cleburne,Arkansas,5023.0,237,5.0
453613,2020-08-21,Cleburne,Alabama,1029.0,176,3.0
453719,2020-08-21,Cleburne,Arkansas,5023.0,242,5.0
456841,2020-08-22,Cleburne,Alabama,1029.0,181,4.0
456947,2020-08-22,Cleburne,Arkansas,5023.0,243,5.0
460068,2020-08-23,Cleburne,Alabama,1029.0,182,4.0
460174,2020-08-23,Cleburne,Arkansas,5023.0,244,6.0
463297,2020-08-24,Cleburne,Alabama,1029.0,187,4.0
463403,2020-08-24,Cleburne,Arkansas,5023.0,245,6.0
466526,2020-08-25,Cleburne,Alabama,1029.0,193,4.0
466632,2020-08-25,Cleburne,Arkansas,5023.0,247,6.0
469755,2020-08-26,Cleburne,Alabama,1029.0,196,4.0
469861,2020-08-26,Cleburne,Arkansas,5023.0,249,6.0
472987,2020-08-27,Cleburne,Alabama,1029.0,198,4.0
473093,2020-08-27,Cleburne,Arkansas,5023.0,253,6.0
476220,2020-08-28,Cleburne,Alabama,1029.0,202,4.0
476326,2020-08-28,Cleburne,Arkansas,5023.0,255,7.0
479453,2020-08-29,Cleburne,Alabama,1029.0,204,5.0
479559,2020-08-29,Cleburne,Arkansas,5023.0,256,7.0
482687,2020-08-30,Cleburne,Alabama,1029.0,204,5.0
482793,2020-08-30,Cleburne,Arkansas,5023.0,258,7.0
485922,2020-08-31,Cleburne,Alabama,1029.0,206,5.0
486028,2020-08-31,Cleburne,Arkansas,5023.0,259,7.0
489155,2020-09-01,Cleburne,Alabama,1029.0,211,5.0
489261,2020-09-01,Cleburne,Arkansas,5023.0,259,7.0
492388,2020-09-02,Cleburne,Alabama,1029.0,213,5.0
492494,2020-09-02,Cleburne,Arkansas,5023.0,257,7.0
495622,2020-09-03,Cleburne,Alabama,1029.0,230,5.0
495728,2020-09-03,Cleburne,Arkansas,5023.0,259,7.0
498855,2020-09-04,Cleburne,Alabama,1029.0,238,5.0
498961,2020-09-04,Cleburne,Arkansas,5023.0,260,7.0
502089,2020-09-05,Cleburne,Alabama,1029.0,242,5.0
502195,2020-09-05,Cleburne,Arkansas,5023.0,264,7.0
505323,2020-09-06,Cleburne,Alabama,1029.0,244,5.0
505429,2020-09-06,Cleburne,Arkansas,5023.0,267,7.0
508555,2020-09-07,Cleburne,Alabama,1029.0,250,5.0
508661,2020-09-07,Cleburne,Arkansas,5023.0,270,7.0
511788,2020-09-08,Cleburne,Alabama,1029.0,250,5.0
511894,2020-09-08,Cleburne,Arkansas,5023.0,270,7.0
515021,2020-09-09,Cleburne,Alabama,1029.0,255,5.0
515127,2020-09-09,Cleburne,Arkansas,5023.0,271,7.0
518256,2020-09-10,Cleburne,Alabama,1029.0,259,5.0
518362,2020-09-10,Cleburne,Arkansas,5023.0,274,7.0
521493,2020-09-11,Cleburne,Alabama,1029.0,271,5.0
521599,2020-09-11,Cleburne,Arkansas,5023.0,283,7.0
524729,2020-09-12,Cleburne,Alabama,1029.0,280,6.0
524835,2020-09-12,Cleburne,Arkansas,5023.0,293,7.0
527965,2020-09-13,Cleburne,Alabama,1029.0,293,6.0
528071,2020-09-13,Cleburne,Arkansas,5023.0,293,7.0
531202,2020-09-14,Cleburne,Alabama,1029.0,297,6.0
531308,2020-09-14,Cleburne,Arkansas,5023.0,295,7.0
534437,2020-09-15,Cleburne,Alabama,1029.0,300,6.0
534543,2020-09-15,Cleburne,Arkansas,5023.0,299,7.0
537673,2020-09-16,Cleburne,Alabama,1029.0,305,6.0
537779,2020-09-16,Cleburne,Arkansas,5023.0,299,7.0
540910,2020-09-17,Cleburne,Alabama,1029.0,311,6.0
541016,2020-09-17,Cleburne,Arkansas,5023.0,302,7.0
544146,2020-09-18,Cleburne,Alabama,1029.0,316,6.0
544252,2020-09-18,Cleburne,Arkansas,5023.0,304,7.0
547383,2020-09-19,Cleburne,Alabama,1029.0,320,6.0
547490,2020-09-19,Cleburne,Arkansas,5023.0,311,8.0
550622,2020-09-20,Cleburne,Alabama,1029.0,323,6.0
550729,2020-09-20,Cleburne,Arkansas,5023.0,314,8.0
553861,2020-09-21,Cleburne,Alabama,1029.0,332,6.0
553968,2020-09-21,Cleburne,Arkansas,5023.0,314,8.0
557098,2020-09-22,Cleburne,Alabama,1029.0,334,6.0
557205,2020-09-22,Cleburne,Arkansas,5023.0,316,8.0
560334,2020-09-23,Cleburne,Alabama,1029.0,335,6.0
560441,2020-09-23,Cleburne,Arkansas,5023.0,315,8.0
563573,2020-09-24,Cleburne,Alabama,1029.0,339,6.0
563680,2020-09-24,Cleburne,Arkansas,5023.0,320,8.0
566814,2020-09-25,Cleburne,Alabama,1029.0,364,6.0
566920,2020-09-25,Cleburne,Arkansas,5023.0,324,8.0
570055,2020-09-26,Cleburne,Alabama,1029.0,380,5.0
570162,2020-09-26,Cleburne,Arkansas,5023.0,328,8.0
573297,2020-09-27,Cleburne,Alabama,1029.0,382,5.0
573404,2020-09-27,Cleburne,Arkansas,5023.0,331,8.0
576541,2020-09-28,Cleburne,Alabama,1029.0,389,5.0
576647,2020-09-28,Cleburne,Arkansas,5023.0,331,8.0
579782,2020-09-29,Cleburne,Alabama,1029.0,394,5.0
579888,2020-09-29,Cleburne,Arkansas,5023.0,334,8.0
583021,2020-09-30,Cleburne,Alabama,1029.0,408,5.0
583127,2020-09-30,Cleburne,Arkansas,5023.0,338,9.0
586261,2020-10-01,Cleburne,Alabama,1029.0,414,5.0
586367,2020-10-01,Cleburne,Arkansas,5023.0,343,9.0
589502,2020-10-02,Cleburne,Alabama,1029.0,420,5.0
589608,2020-10-02,Cleburne,Arkansas,5023.0,350,9.0
592742,2020-10-03,Cleburne,Alabama,1029.0,424,6.0
592848,2020-10-03,Cleburne,Arkansas,5023.0,358,9.0
595984,2020-10-04,Cleburne,Alabama,1029.0,427,6.0
596090,2020-10-04,Cleburne,Arkansas,5023.0,360,9.0
599227,2020-10-05,Cleburne,Alabama,1029.0,428,6.0
599333,2020-10-05,Cleburne,Arkansas,5023.0,362,9.0
602470,2020-10-06,Cleburne,Alabama,1029.0,436,6.0
602576,2020-10-06,Cleburne,Arkansas,5023.0,367,10.0
605712,2020-10-07,Cleburne,Alabama,1029.0,448,6.0
605818,2020-10-07,Cleburne,Arkansas,5023.0,372,10.0
608955,2020-10-08,Cleburne,Alabama,1029.0,449,6.0
609061,2020-10-08,Cleburne,Arkansas,5023.0,377,12.0
612197,2020-10-09,Cleburne,Alabama,1029.0,452,6.0
612303,2020-10-09,Cleburne,Arkansas,5023.0,382,12.0
615438,2020-10-10,Cleburne,Alabama,1029.0,467,6.0
615544,2020-10-10,Cleburne,Arkansas,5023.0,388,12.0
618680,2020-10-11,Cleburne,Alabama,1029.0,468,6.0
618786,2020-10-11,Cleburne,Arkansas,5023.0,389,12.0
621923,2020-10-12,Cleburne,Alabama,1029.0,469,6.0
622029,2020-10-12,Cleburne,Arkansas,5023.0,391,14.0
625166,2020-10-13,Cleburne,Alabama,1029.0,475,6.0
625272,2020-10-13,Cleburne,Arkansas,5023.0,395,14.0
628409,2020-10-14,Cleburne,Alabama,1029.0,483,6.0
628515,2020-10-14,Cleburne,Arkansas,5023.0,399,14.0
631653,2020-10-15,Cleburne,Alabama,1029.0,489,6.0
631759,2020-10-15,Cleburne,Arkansas,5023.0,406,14.0
634898,2020-10-16,Cleburne,Alabama,1029.0,504,7.0
635005,2020-10-16,Cleburne,Arkansas,5023.0,410,14.0
638143,2020-10-17,Cleburne,Alabama,1029.0,515,7.0
638250,2020-10-17,Cleburne,Arkansas,5023.0,428,14.0
641390,2020-10-18,Cleburne,Alabama,1029.0,520,7.0
641497,2020-10-18,Cleburne,Arkansas,5023.0,431,14.0
644638,2020-10-19,Cleburne,Alabama,1029.0,524,7.0
644745,2020-10-19,Cleburne,Arkansas,5023.0,433,14.0
647883,2020-10-20,Cleburne,Alabama,1029.0,528,7.0
647990,2020-10-20,Cleburne,Arkansas,5023.0,436,14.0
651127,2020-10-21,Cleburne,Alabama,1029.0,532,7.0
651234,2020-10-21,Cleburne,Arkansas,5023.0,439,14.0
654372,2020-10-22,Cleburne,Alabama,1029.0,543,8.0
654479,2020-10-22,Cleburne,Arkansas,5023.0,442,15.0
657617,2020-10-23,Cleburne,Alabama,1029.0,551,8.0
657724,2020-10-23,Cleburne,Arkansas,5023.0,448,15.0
660861,2020-10-24,Cleburne,Alabama,1029.0,556,8.0
660968,2020-10-24,Cleburne,Arkansas,5023.0,454,15.0
664105,2020-10-25,Cleburne,Alabama,1029.0,569,8.0
664212,2020-10-25,Cleburne,Arkansas,5023.0,454,15.0
667350,2020-10-26,Cleburne,Alabama,1029.0,573,8.0
667457,2020-10-26,Cleburne,Arkansas,5023.0,455,15.0
670593,2020-10-27,Cleburne,Alabama,1029.0,573,9.0
670700,2020-10-27,Cleburne,Arkansas,5023.0,461,15.0
673835,2020-10-28,Cleburne,Alabama,1029.0,577,9.0
673942,2020-10-28,Cleburne,Arkansas,5023.0,462,15.0
677078,2020-10-29,Cleburne,Alabama,1029.0,579,9.0
677185,2020-10-29,Cleburne,Arkansas,5023.0,463,15.0
680321,2020-10-30,Cleburne,Alabama,1029.0,581,9.0
680428,2020-10-30,Cleburne,Arkansas,5023.0,470,15.0
683564,2020-10-31,Cleburne,Alabama,1029.0,583,9.0
683671,2020-10-31,Cleburne,Arkansas,5023.0,475,15.0
686808,2020-11-01,Cleburne,Alabama,1029.0,590,9.0
686915,2020-11-01,Cleburne,Arkansas,5023.0,500,16.0
690053,2020-11-02,Cleburne,Alabama,1029.0,591,9.0
690160,2020-11-02,Cleburne,Arkansas,5023.0,502,16.0
693296,2020-11-03,Cleburne,Alabama,1029.0,590,9.0
693403,2020-11-03,Cleburne,Arkansas,5023.0,506,17.0
696538,2020-11-04,Cleburne,Alabama,1029.0,604,9.0
696645,2020-11-04,Cleburne,Arkansas,5023.0,516,17.0
699782,2020-11-05,Cleburne,Alabama,1029.0,614,10.0
699889,2020-11-05,Cleburne,Arkansas,5023.0,534,17.0
703025,2020-11-06,Cleburne,Alabama,1029.0,616,10.0
703132,2020-11-06,Cleburne,Arkansas,5023.0,540,18.0
706268,2020-11-07,Cleburne,Alabama,1029.0,622,11.0
706375,2020-11-07,Cleburne,Arkansas,5023.0,544,18.0
709512,2020-11-08,Cleburne,Alabama,1029.0,627,11.0
709619,2020-11-08,Cleburne,Arkansas,5023.0,547,18.0
712756,2020-11-09,Cleburne,Alabama,1029.0,629,11.0
712863,2020-11-09,Cleburne,Arkansas,5023.0,550,18.0
716000,2020-11-10,Cleburne,Alabama,1029.0,630,11.0
716107,2020-11-10,Cleburne,Arkansas,5023.0,553,18.0
719243,2020-11-11,Cleburne,Alabama,1029.0,638,11.0
719350,2020-11-11,Cleburne,Arkansas,5023.0,563,18.0
722486,2020-11-12,Cleburne,Alabama,1029.0,646,11.0
722593,2020-11-12,Cleburne,Arkansas,5023.0,570,18.0
725729,2020-11-13,Cleburne,Alabama,1029.0,655,11.0
725836,2020-11-13,Cleburne,Arkansas,5023.0,581,18.0
728972,2020-11-14,Cleburne,Alabama,1029.0,659,11.0
729079,2020-11-14,Cleburne,Arkansas,5023.0,593,18.0
732217,2020-11-15,Cleburne,Alabama,1029.0,669,11.0
732324,2020-11-15,Cleburne,Arkansas,5023.0,598,18.0
735463,2020-11-16,Cleburne,Alabama,1029.0,678,11.0
735570,2020-11-16,Cleburne,Arkansas,5023.0,599,18.0
738707,2020-11-17,Cleburne,Alabama,1029.0,684,12.0
738814,2020-11-17,Cleburne,Arkansas,5023.0,605,20.0
741954,2020-11-18,Cleburne,Alabama,1029.0,689,12.0
742061,2020-11-18,Cleburne,Arkansas,5023.0,609,20.0
745201,2020-11-19,Cleburne,Alabama,1029.0,696,14.0
745308,2020-11-19,Cleburne,Arkansas,5023.0,624,20.0
748447,2020-11-20,Cleburne,Alabama,1029.0,705,14.0
748554,2020-11-20,Cleburne,Arkansas,5023.0,635,20.0
751693,2020-11-21,Cleburne,Alabama,1029.0,740,14.0
751800,2020-11-21,Cleburne,Arkansas,5023.0,644,20.0
754939,2020-11-22,Cleburne,Alabama,1029.0,742,14.0
755046,2020-11-22,Cleburne,Arkansas,5023.0,650,20.0
758186,2020-11-23,Cleburne,Alabama,1029.0,744,14.0
758293,2020-11-23,Cleburne,Arkansas,5023.0,654,20.0
761431,2020-11-24,Cleburne,Alabama,1029.0,756,14.0
761538,2020-11-24,Cleburne,Arkansas,5023.0,667,20.0
764676,2020-11-25,Cleburne,Alabama,1029.0,757,14.0
764783,2020-11-25,Cleburne,Arkansas,5023.0,689,21.0
767921,2020-11-26,Cleburne,Alabama,1029.0,769,14.0
768029,2020-11-26,Cleburne,Arkansas,5023.0,699,21.0
771167,2020-11-27,Cleburne,Alabama,1029.0,771,14.0
771274,2020-11-27,Cleburne,Arkansas,5023.0,704,21.0
774412,2020-11-28,Cleburne,Alabama,1029.0,772,14.0
774519,2020-11-28,Cleburne,Arkansas,5023.0,721,21.0
777657,2020-11-29,Cleburne,Alabama,1029.0,774,14.0
777764,2020-11-29,Cleburne,Arkansas,5023.0,728,22.0
780903,2020-11-30,Cleburne,Alabama,1029.0,778,14.0
781010,2020-11-30,Cleburne,Arkansas,5023.0,734,23.0
784148,2020-12-01,Cleburne,Alabama,1029.0,788,14.0
784255,2020-12-01,Cleburne,Arkansas,5023.0,752,24.0
787392,2020-12-02,Cleburne,Alabama,1029.0,799,14.0
787499,2020-12-02,Cleburne,Arkansas,5023.0,770,24.0
790637,2020-12-03,Cleburne,Alabama,1029.0,807,14.0
790744,2020-12-03,Cleburne,Arkansas,5023.0,788,24.0
793882,2020-12-04,Cleburne,Alabama,1029.0,809,14.0
793989,2020-12-04,Cleburne,Arkansas,5023.0,794,25.0
797127,2020-12-05,Cleburne,Alabama,1029.0,819,14.0
797234,2020-12-05,Cleburne,Arkansas,5023.0,810,25.0
800372,2020-12-06,Cleburne,Alabama,1029.0,821,14.0
800479,2020-12-06,Cleburne,Arkansas,5023.0,814,25.0
803617,2020-12-07,Cleburne,Alabama,1029.0,826,14.0
803724,2020-12-07,Cleburne,Arkansas,5023.0,821,25.0
806862,2020-12-08,Cleburne,Alabama,1029.0,837,14.0
806969,2020-12-08,Cleburne,Arkansas,5023.0,831,25.0
810107,2020-12-09,Cleburne,Alabama,1029.0,844,14.0
810214,2020-12-09,Cleburne,Arkansas,5023.0,844,25.0
813351,2020-12-10,Cleburne,Alabama,1029.0,858,14.0
813458,2020-12-10,Cleburne,Arkansas,5023.0,854,25.0
816597,2020-12-11,Cleburne,Alabama,1029.0,870,14.0
816704,2020-12-11,Cleburne,Arkansas,5023.0,869,25.0
819843,2020-12-12,Cleburne,Alabama,1029.0,878,15.0
819950,2020-12-12,Cleburne,Arkansas,5023.0,887,26.0
823089,2020-12-13,Cleburne,Alabama,1029.0,882,15.0
823196,2020-12-13,Cleburne,Arkansas,5023.0,899,27.0
826336,2020-12-14,Cleburne,Alabama,1029.0,887,15.0
826443,2020-12-14,Cleburne,Arkansas,5023.0,901,27.0
829582,2020-12-15,Cleburne,Alabama,1029.0,892,15.0
829689,2020-12-15,Cleburne,Arkansas,5023.0,924,27.0
832829,2020-12-16,Cleburne,Alabama,1029.0,904,15.0
832936,2020-12-16,Cleburne,Arkansas,5023.0,953,27.0
836075,2020-12-17,Cleburne,Alabama,1029.0,923,15.0
836182,2020-12-17,Cleburne,Arkansas,5023.0,979,28.0
839320,2020-12-18,Cleburne,Alabama,1029.0,941,15.0
839427,2020-12-18,Cleburne,Arkansas,5023.0,998,28.0
842565,2020-12-19,Cleburne,Alabama,1029.0,943,15.0
842672,2020-12-19,Cleburne,Arkansas,5023.0,1017,31.0
845811,2020-12-20,Cleburne,Alabama,1029.0,948,15.0
845918,2020-12-20,Cleburne,Arkansas,5023.0,1025,31.0
849056,2020-12-21,Cleburne,Alabama,1029.0,950,15.0
849163,2020-12-21,Cleburne,Arkansas,5023.0,1034,31.0
852301,2020-12-22,Cleburne,Alabama,1029.0,967,15.0
852408,2020-12-22,Cleburne,Arkansas,5023.0,1048,31.0
855546,2020-12-23,Cleburne,Alabama,1029.0,977,16.0
855653,2020-12-23,Cleburne,Arkansas,5023.0,1066,35.0
858791,2020-12-24,Cleburne,Alabama,1029.0,986,16.0
858898,2020-12-24,Cleburne,Arkansas,5023.0,1102,35.0
862036,2020-12-25,Cleburne,Alabama,1029.0,991,16.0
862143,2020-12-25,Cleburne,Arkansas,5023.0,1120,35.0
865281,2020-12-26,Cleburne,Alabama,1029.0,993,16.0
865388,2020-12-26,Cleburne,Arkansas,5023.0,1128,35.0
868526,2020-12-27,Cleburne,Alabama,1029.0,995,16.0
868633,2020-12-27,Cleburne,Arkansas,5023.0,1132,35.0
871771,2020-12-28,Cleburne,Alabama,1029.0,999,16.0
871878,2020-12-28,Cleburne,Arkansas,5023.0,1140,35.0
875016,2020-12-29,Cleburne,Alabama,1029.0,1005,16.0
875123,2020-12-29,Cleburne,Arkansas,5023.0,1166,37.0
878261,2020-12-30,Cleburne,Alabama,1029.0,1011,16.0
878368,2020-12-30,Cleburne,Arkansas,5023.0,1208,37.0
881506,2020-12-31,Cleburne,Alabama,1029.0,1026,16.0
881613,2020-12-31,Cleburne,Arkansas,5023.0,1236,38.0
884751,2021-01-01,Cleburne,Alabama,1029.0,1036,16.0
884858,2021-01-01,Cleburne,Arkansas,5023.0,1286,38.0
887996,2021-01-02,Cleburne,Alabama,1029.0,1046,16.0
888103,2021-01-02,Cleburne,Arkansas,5023.0,1312,38.0
891243,2021-01-03,Cleburne,Alabama,1029.0,1048,16.0
891350,2021-01-03,Cleburne,Arkansas,5023.0,1326,38.0
894489,2021-01-04,Cleburne,Alabama,1029.0,1049,16.0
894597,2021-01-04,Cleburne,Arkansas,5023.0,1332,38.0
897735,2021-01-05,Cleburne,Alabama,1029.0,1060,16.0
897842,2021-01-05,Cleburne,Arkansas,5023.0,1359,39.0
900980,2021-01-06,Cleburne,Alabama,1029.0,1075,17.0
901087,2021-01-06,Cleburne,Arkansas,5023.0,1396,40.0
904225,2021-01-07,Cleburne,Alabama,1029.0,1089,17.0
904332,2021-01-07,Cleburne,Arkansas,5023.0,1436,40.0
907471,2021-01-08,Cleburne,Alabama,1029.0,1107,17.0
907578,2021-01-08,Cleburne,Arkansas,5023.0,1469,42.0
910716,2021-01-09,Cleburne,Alabama,1029.0,1117,17.0
910823,2021-01-09,Cleburne,Arkansas,5023.0,1491,42.0
913961,2021-01-10,Cleburne,Alabama,1029.0,1118,18.0
914068,2021-01-10,Cleburne,Arkansas,5023.0,1507,42.0
917206,2021-01-11,Cleburne,Alabama,1029.0,1128,18.0
917313,2021-01-11,Cleburne,Arkansas,5023.0,1509,42.0
920451,2021-01-12,Cleburne,Alabama,1029.0,1130,18.0
920558,2021-01-12,Cleburne,Arkansas,5023.0,1522,44.0
923696,2021-01-13,Cleburne,Alabama,1029.0,1129,22.0
923803,2021-01-13,Cleburne,Arkansas,5023.0,1537,45.0
926942,2021-01-14,Cleburne,Alabama,1029.0,1151,23.0
927049,2021-01-14,Cleburne,Arkansas,5023.0,1552,45.0
930187,2021-01-15,Cleburne,Alabama,1029.0,1160,23.0
930294,2021-01-15,Cleburne,Arkansas,5023.0,1579,45.0
933432,2021-01-16,Cleburne,Alabama,1029.0,1172,23.0
933539,2021-01-16,Cleburne,Arkansas,5023.0,1601,45.0
936677,2021-01-17,Cleburne,Alabama,1029.0,1174,23.0
936784,2021-01-17,Cleburne,Arkansas,5023.0,1613,45.0
939922,2021-01-18,Cleburne,Alabama,1029.0,1177,23.0
940029,2021-01-18,Cleburne,Arkansas,5023.0,1614,45.0
943167,2021-01-19,Cleburne,Alabama,1029.0,1184,23.0
943274,2021-01-19,Cleburne,Arkansas,5023.0,1623,45.0
946414,2021-01-20,Cleburne,Alabama,1029.0,1190,23.0
946521,2021-01-20,Cleburne,Arkansas,5023.0,1639,46.0
949660,2021-01-21,Cleburne,Alabama,1029.0,1197,24.0
949767,2021-01-21,Cleburne,Arkansas,5023.0,1655,48.0
952905,2021-01-22,Cleburne,Alabama,1029.0,1207,24.0
953012,2021-01-22,Cleburne,Arkansas,5023.0,1670,50.0
956150,2021-01-23,Cleburne,Alabama,1029.0,1215,25.0
956257,2021-01-23,Cleburne,Arkansas,5023.0,1686,50.0
959396,2021-01-24,Cleburne,Alabama,1029.0,1218,25.0
959503,2021-01-24,Cleburne,Arkansas,5023.0,1690,50.0
962641,2021-01-25,Cleburne,Alabama,1029.0,1221,25.0
962748,2021-01-25,Cleburne,Arkansas,5023.0,1693,54.0
965886,2021-01-26,Cleburne,Alabama,1029.0,1236,27.0
965993,2021-01-26,Cleburne,Arkansas,5023.0,1703,56.0
969130,2021-01-27,Cleburne,Alabama,1029.0,1241,28.0
969237,2021-01-27,Cleburne,Arkansas,5023.0,1723,57.0
972375,2021-01-28,Cleburne,Alabama,1029.0,1258,28.0
972482,2021-01-28,Cleburne,Arkansas,5023.0,1733,57.0
975620,2021-01-29,Cleburne,Alabama,1029.0,1266,28.0
975727,2021-01-29,Cleburne,Arkansas,5023.0,1741,59.0
978865,2021-01-30,Cleburne,Alabama,1029.0,1266,28.0
978972,2021-01-30,Cleburne,Arkansas,5023.0,1753,59.0
982111,2021-01-31,Cleburne,Alabama,1029.0,1281,28.0
982218,2021-01-31,Cleburne,Arkansas,5023.0,1761,59.0
985358,2021-02-01,Cleburne,Alabama,1029.0,1286,28.0
985465,2021-02-01,Cleburne,Arkansas,5023.0,1765,60.0
988605,2021-02-02,Cleburne,Alabama,1029.0,1296,28.0
988712,2021-02-02,Cleburne,Arkansas,5023.0,1771,60.0
991851,2021-02-03,Cleburne,Alabama,1029.0,1299,28.0
991958,2021-02-03,Cleburne,Arkansas,5023.0,1786,60.0
995097,2021-02-04,Cleburne,Alabama,1029.0,1311,28.0
995204,2021-02-04,Cleburne,Arkansas,5023.0,1799,62.0
998343,2021-02-05,Cleburne,Alabama,1029.0,1316,31.0
998450,2021-02-05,Cleburne,Arkansas,5023.0,1811,63.0
1001589,2021-02-06,Cleburne,Alabama,1029.0,1318,31.0
1001696,2021-02-06,Cleburne,Arkansas,5023.0,1823,63.0
1004835,2021-02-07,Cleburne,Alabama,1029.0,1321,31.0
1004942,2021-02-07,Cleburne,Arkansas,5023.0,1822,63.0
1008081,2021-02-08,Cleburne,Alabama,1029.0,1323,31.0
1008188,2021-02-08,Cleburne,Arkansas,5023.0,1822,63.0
1011327,2021-02-09,Cleburne,Alabama,1029.0,1325,31.0
1011434,2021-02-09,Cleburne,Arkansas,5023.0,1835,65.0
1014572,2021-02-10,Cleburne,Alabama,1029.0,1331,33.0
1014679,2021-02-10,Cleburne,Arkansas,5023.0,1844,65.0
1017817,2021-02-11,Cleburne,Alabama,1029.0,1335,33.0
1017924,2021-02-11,Cleburne,Arkansas,5023.0,1850,65.0
1021062,2021-02-12,Cleburne,Alabama,1029.0,1336,34.0
1021169,2021-02-12,Cleburne,Arkansas,5023.0,1854,65.0
1024307,2021-02-13,Cleburne,Alabama,1029.0,1334,35.0
1024414,2021-02-13,Cleburne,Arkansas,5023.0,1854,65.0
1027552,2021-02-14,Cleburne,Alabama,1029.0,1335,35.0
1027659,2021-02-14,Cleburne,Arkansas,5023.0,1856,65.0
1030799,2021-02-15,Cleburne,Alabama,1029.0,1336,35.0
1030906,2021-02-15,Cleburne,Arkansas,5023.0,1856,66.0
1034045,2021-02-16,Cleburne,Alabama,1029.0,1340,35.0
1034152,2021-02-16,Cleburne,Arkansas,5023.0,1856,66.0
1037290,2021-02-17,Cleburne,Alabama,1029.0,1341,35.0
1037397,2021-02-17,Cleburne,Arkansas,5023.0,1859,66.0
1040535,2021-02-18,Cleburne,Alabama,1029.0,1344,35.0
1040642,2021-02-18,Cleburne,Arkansas,5023.0,1860,66.0
1043780,2021-02-19,Cleburne,Alabama,1029.0,1350,36.0
1043887,2021-02-19,Cleburne,Arkansas,5023.0,1862,66.0
1047025,2021-02-20,Cleburne,Alabama,1029.0,1351,38.0
1047132,2021-02-20,Cleburne,Arkansas,5023.0,1863,67.0
1050272,2021-02-21,Cleburne,Alabama,1029.0,1354,38.0
1050379,2021-02-21,Cleburne,Arkansas,5023.0,1864,67.0
1053519,2021-02-22,Cleburne,Alabama,1029.0,1356,38.0
1053626,2021-02-22,Cleburne,Arkansas,5023.0,1864,67.0
1056765,2021-02-23,Cleburne,Alabama,1029.0,1361,39.0
1056872,2021-02-23,Cleburne,Arkansas,5023.0,1867,67.0
1060011,2021-02-24,Cleburne,Alabama,1029.0,1365,39.0
1060118,2021-02-24,Cleburne,Arkansas,5023.0,1871,67.0
1063256,2021-02-25,Cleburne,Alabama,1029.0,1368,39.0
1063363,2021-02-25,Cleburne,Arkansas,5023.0,1872,67.0
1066501,2021-02-26,Cleburne,Alabama,1029.0,1371,39.0
1066608,2021-02-26,Cleburne,Arkansas,5023.0,1874,67.0
1069746,2021-02-27,Cleburne,Alabama,1029.0,1373,39.0
1069853,2021-02-27,Cleburne,Arkansas,5023.0,1874,68.0
1072992,2021-02-28,Cleburne,Alabama,1029.0,1377,39.0
1073099,2021-02-28,Cleburne,Arkansas,5023.0,1885,64.0
1076238,2021-03-01,Cleburne,Alabama,1029.0,1378,39.0
1076345,2021-03-01,Cleburne,Arkansas,5023.0,1885,64.0
1079483,2021-03-02,Cleburne,Alabama,1029.0,1378,41.0
1079590,2021-03-02,Cleburne,Arkansas,5023.0,1887,64.0
1082729,2021-03-03,Cleburne,Alabama,1029.0,1397,41.0
1082836,2021-03-03,Cleburne,Arkansas,5023.0,1888,64.0
1085975,2021-03-04,Cleburne,Alabama,1029.0,1398,41.0
1086082,2021-03-04,Cleburne,Arkansas,5023.0,1890,64.0
1089220,2021-03-05,Cleburne,Alabama,1029.0,1399,41.0
1089327,2021-03-05,Cleburne,Arkansas,5023.0,1894,64.0
1092466,2021-03-06,Cleburne,Alabama,1029.0,1401,41.0
1092573,2021-03-06,Cleburne,Arkansas,5023.0,1894,64.0
1095712,2021-03-07,Cleburne,Alabama,1029.0,1403,41.0
1095819,2021-03-07,Cleburne,Arkansas,5023.0,1895,66.0
1098960,2021-03-08,Cleburne,Alabama,1029.0,1403,41.0
1099067,2021-03-08,Cleburne,Arkansas,5023.0,1896,66.0
1102206,2021-03-09,Cleburne,Alabama,1029.0,1403,41.0
1102313,2021-03-09,Cleburne,Arkansas,5023.0,1902,66.0
1105452,2021-03-10,Cleburne,Alabama,1029.0,1404,41.0
1105559,2021-03-10,Cleburne,Arkansas,5023.0,1905,67.0
1108698,2021-03-11,Cleburne,Alabama,1029.0,1409,41.0
1108805,2021-03-11,Cleburne,Arkansas,5023.0,1908,68.0
1111944,2021-03-12,Cleburne,Alabama,1029.0,1410,41.0
1112051,2021-03-12,Cleburne,Arkansas,5023.0,1910,69.0
1115190,2021-03-13,Cleburne,Alabama,1029.0,1411,41.0
1115297,2021-03-13,Cleburne,Arkansas,5023.0,1912,69.0
1118437,2021-03-14,Cleburne,Alabama,1029.0,1412,41.0
1118544,2021-03-14,Cleburne,Arkansas,5023.0,1912,69.0
1121684,2021-03-15,Cleburne,Alabama,1029.0,1436,41.0
1121791,2021-03-15,Cleburne,Arkansas,5023.0,1913,69.0
1124930,2021-03-16,Cleburne,Alabama,1029.0,1436,41.0
1125037,2021-03-16,Cleburne,Arkansas,5023.0,1917,69.0
1128176,2021-03-17,Cleburne,Alabama,1029.0,1438,41.0
1128283,2021-03-17,Cleburne,Arkansas,5023.0,1922,69.0
1131423,2021-03-18,Cleburne,Alabama,1029.0,1438,41.0
1131531,2021-03-18,Cleburne,Arkansas,5023.0,1923,69.0
1134671,2021-03-19,Cleburne,Alabama,1029.0,1441,41.0
1134778,2021-03-19,Cleburne,Arkansas,5023.0,1925,69.0
1137917,2021-03-20,Cleburne,Alabama,1029.0,1443,41.0
1138024,2021-03-20,Cleburne,Arkansas,5023.0,1928,69.0
1141163,2021-03-21,Cleburne,Alabama,1029.0,1446,41.0
1141270,2021-03-21,Cleburne,Arkansas,5023.0,1928,69.0
1144410,2021-03-22,Cleburne,Alabama,1029.0,1446,41.0
1144517,2021-03-22,Cleburne,Arkansas,5023.0,1929,70.0
1147657,2021-03-23,Cleburne,Alabama,1029.0,1445,41.0
1147764,2021-03-23,Cleburne,Arkansas,5023.0,1934,70.0
1150904,2021-03-24,Cleburne,Alabama,1029.0,1445,41.0
1151011,2021-03-24,Cleburne,Arkansas,5023.0,1936,70.0
1154151,2021-03-25,Cleburne,Alabama,1029.0,1447,41.0
1154258,2021-03-25,Cleburne,Arkansas,5023.0,1937,71.0
1157398,2021-03-26,Cleburne,Alabama,1029.0,1449,41.0
1157505,2021-03-26,Cleburne,Arkansas,5023.0,1937,71.0
1160646,2021-03-27,Cleburne,Alabama,1029.0,1451,41.0
1160753,2021-03-27,Cleburne,Arkansas,5023.0,1940,71.0
1163894,2021-03-28,Cleburne,Alabama,1029.0,1451,41.0
1164001,2021-03-28,Cleburne,Arkansas,5023.0,1940,71.0
1167142,2021-03-29,Cleburne,Alabama,1029.0,1451,41.0
1167249,2021-03-29,Cleburne,Arkansas,5023.0,1942,71.0
1170390,2021-03-30,Cleburne,Alabama,1029.0,1451,41.0
1170497,2021-03-30,Cleburne,Arkansas,5023.0,1943,72.0
1173637,2021-03-31,Cleburne,Alabama,1029.0,1452,41.0
1173744,2021-03-31,Cleburne,Arkansas,5023.0,1945,72.0
1176884,2021-04-01,Cleburne,Alabama,1029.0,1454,41.0
1176991,2021-04-01,Cleburne,Arkansas,5023.0,1946,73.0
1180131,2021-04-02,Cleburne,Alabama,1029.0,1454,41.0
1180238,2021-04-02,Cleburne,Arkansas,5023.0,1946,73.0
1183378,2021-04-03,Cleburne,Alabama,1029.0,1455,41.0
1183485,2021-04-03,Cleburne,Arkansas,5023.0,1948,73.0
1186625,2021-04-04,Cleburne,Alabama,1029.0,1456,41.0
1186732,2021-04-04,Cleburne,Arkansas,5023.0,1948,73.0
1189872,2021-04-05,Cleburne,Alabama,1029.0,1456,41.0
1189979,2021-04-05,Cleburne,Arkansas,5023.0,1948,73.0
1193122,2021-04-06,Cleburne,Alabama,1029.0,1456,41.0
1193229,2021-04-06,Cleburne,Arkansas,5023.0,1948,73.0
1196370,2021-04-07,Cleburne,Alabama,1029.0,1456,41.0
1196477,2021-04-07,Cleburne,Arkansas,5023.0,1949,73.0
1199619,2021-04-08,Cleburne,Alabama,1029.0,1458,41.0
1199726,2021-04-08,Cleburne,Arkansas,5023.0,1950,73.0
1202867,2021-04-09,Cleburne,Alabama,1029.0,1460,41.0
1202974,2021-04-09,Cleburne,Arkansas,5023.0,1949,73.0
1206115,2021-04-10,Cleburne,Alabama,1029.0,1460,41.0
1206222,2021-04-10,Cleburne,Arkansas,5023.0,1950,73.0
1209363,2021-04-11,Cleburne,Alabama,1029.0,1460,41.0
1209471,2021-04-11,Cleburne,Arkansas,5023.0,1950,73.0
1212612,2021-04-12,Cleburne,Alabama,1029.0,1460,41.0
1212719,2021-04-12,Cleburne,Arkansas,5023.0,1950,73.0
1215859,2021-04-13,Cleburne,Alabama,1029.0,1462,41.0
1215966,2021-04-13,Cleburne,Arkansas,5023.0,1951,73.0
1219107,2021-04-14,Cleburne,Alabama,1029.0,1464,41.0
1219214,2021-04-14,Cleburne,Arkansas,5023.0,1952,73.0
1222355,2021-04-15,Cleburne,Alabama,1029.0,1463,41.0
1222462,2021-04-15,Cleburne,Arkansas,5023.0,1954,73.0
1225602,2021-04-16,Cleburne,Alabama,1029.0,1467,41.0
1225709,2021-04-16,Cleburne,Arkansas,5023.0,1960,73.0
1228850,2021-04-17,Cleburne,Alabama,1029.0,1467,41.0
1228957,2021-04-17,Cleburne,Arkansas,5023.0,1961,73.0
1232098,2021-04-18,Cleburne,Alabama,1029.0,1470,41.0
1232206,2021-04-18,Cleburne,Arkansas,5023.0,1961,73.0
1235346,2021-04-19,Cleburne,Alabama,1029.0,1470,41.0
1235453,2021-04-19,Cleburne,Arkansas,5023.0,1961,73.0
1238593,2021-04-20,Cleburne,Alabama,1029.0,1470,41.0
1238700,2021-04-20,Cleburne,Arkansas,5023.0,1963,73.0
1241840,2021-04-21,Cleburne,Alabama,1029.0,1471,41.0
1241947,2021-04-21,Cleburne,Arkansas,5023.0,1964,73.0
1245087,2021-04-22,Cleburne,Alabama,1029.0,1473,41.0
1245194,2021-04-22,Cleburne,Arkansas,5023.0,1966,73.0
1248334,2021-04-23,Cleburne,Alabama,1029.0,1475,41.0
1248441,2021-04-23,Cleburne,Arkansas,5023.0,1967,73.0
1251581,2021-04-24,Cleburne,Alabama,1029.0,1475,41.0
1251688,2021-04-24,Cleburne,Arkansas,5023.0,1967,73.0
1254828,2021-04-25,Cleburne,Alabama,1029.0,1476,41.0
1254935,2021-04-25,Cleburne,Arkansas,5023.0,1967,73.0
1258075,2021-04-26,Cleburne,Alabama,1029.0,1476,41.0
1258182,2021-04-26,Cleburne,Arkansas,5023.0,1967,73.0
1261322,2021-04-27,Cleburne,Alabama,1029.0,1476,41.0
1261429,2021-04-27,Cleburne,Arkansas,5023.0,1968,73.0
1264569,2021-04-28,Cleburne,Alabama,1029.0,1482,41.0
1264676,2021-04-28,Cleburne,Arkansas,5023.0,1970,73.0
1267816,2021-04-29,Cleburne,Alabama,1029.0,1482,41.0
1267923,2021-04-29,Cleburne,Arkansas,5023.0,1971,74.0
1271063,2021-04-30,Cleburne,Alabama,1029.0,1482,41.0
1271170,2021-04-30,Cleburne,Arkansas,5023.0,1972,74.0
1274310,2021-05-01,Cleburne,Alabama,1029.0,1482,41.0
1274417,2021-05-01,Cleburne,Arkansas,5023.0,1973,74.0
1277557,2021-05-02,Cleburne,Alabama,1029.0,1483,41.0
1277664,2021-05-02,Cleburne,Arkansas,5023.0,1975,74.0
1280804,2021-05-03,Cleburne,Alabama,1029.0,1483,41.0
1280911,2021-05-03,Cleburne,Arkansas,5023.0,1975,74.0
1284051,2021-05-04,Cleburne,Alabama,1029.0,1483,41.0
1284158,2021-05-04,Cleburne,Arkansas,5023.0,1976,74.0
1287297,2021-05-05,Cleburne,Alabama,1029.0,1483,41.0
1287404,2021-05-05,Cleburne,Arkansas,5023.0,1978,74.0
1290543,2021-05-06,Cleburne,Alabama,1029.0,1487,41.0
1290650,2021-05-06,Cleburne,Arkansas,5023.0,1979,74.0
1293789,2021-05-07,Cleburne,Alabama,1029.0,1487,41.0
1293896,2021-05-07,Cleburne,Arkansas,5023.0,1979,74.0
1297035,2021-05-08,Cleburne,Alabama,1029.0,1489,41.0
1297142,2021-05-08,Cleburne,Arkansas,5023.0,1979,74.0
1300282,2021-05-09,Cleburne,Alabama,1029.0,1489,41.0
1300389,2021-05-09,Cleburne,Arkansas,5023.0,1979,74.0
1303529,2021-05-10,Cleburne,Alabama,1029.0,1489,41.0
1303636,2021-05-10,Cleburne,Arkansas,5023.0,1979,74.0
1306775,2021-05-11,Cleburne,Alabama,1029.0,1489,41.0
1306882,2021-05-11,Cleburne,Arkansas,5023.0,1980,74.0
1310021,2021-05-12,Cleburne,Alabama,1029.0,1491,41.0
1310128,2021-05-12,Cleburne,Arkansas,5023.0,1981,75.0
1313268,2021-05-13,Cleburne,Alabama,1029.0,1491,41.0
1313375,2021-05-13,Cleburne,Arkansas,5023.0,1981,75.0
1316514,2021-05-14,Cleburne,Alabama,1029.0,1492,41.0
1316622,2021-05-14,Cleburne,Arkansas,5023.0,1986,75.0
1319762,2021-05-15,Cleburne,Alabama,1029.0,1496,41.0
1319869,2021-05-15,Cleburne,Arkansas,5023.0,1987,75.0
1323008,2021-05-16,Cleburne,Alabama,1029.0,1496,41.0
1323115,2021-05-16,Cleburne,Arkansas,5023.0,1987,75.0
1326254,2021-05-17,Cleburne,Alabama,1029.0,1496,41.0
1326361,2021-05-17,Cleburne,Arkansas,5023.0,1987,75.0
1329500,2021-05-18,Cleburne,Alabama,1029.0,1498,41.0
1329608,2021-05-18,Cleburne,Arkansas,5023.0,1989,75.0
1332747,2021-05-19,Cleburne,Alabama,1029.0,1498,41.0
1332855,2021-05-19,Cleburne,Arkansas,5023.0,1992,75.0
1335994,2021-05-20,Cleburne,Alabama,1029.0,1498,42.0
1336102,2021-05-20,Cleburne,Arkansas,5023.0,1992,75.0
1339241,2021-05-21,Cleburne,Alabama,1029.0,1500,42.0
1339349,2021-05-21,Cleburne,Arkansas,5023.0,1995,75.0
1342489,2021-05-22,Cleburne,Alabama,1029.0,1502,42.0
1342597,2021-05-22,Cleburne,Arkansas,5023.0,1998,75.0
1345737,2021-05-23,Cleburne,Alabama,1029.0,1502,42.0
1345845,2021-05-23,Cleburne,Arkansas,5023.0,1999,75.0
1348985,2021-05-24,Cleburne,Alabama,1029.0,1502,42.0
1349092,2021-05-24,Cleburne,Arkansas,5023.0,1999,75.0
1352231,2021-05-25,Cleburne,Alabama,1029.0,1502,42.0
1352338,2021-05-25,Cleburne,Arkansas,5023.0,1999,75.0
1355477,2021-05-26,Cleburne,Alabama,1029.0,1502,42.0
1355584,2021-05-26,Cleburne,Arkansas,5023.0,2002,75.0
1358723,2021-05-27,Cleburne,Alabama,1029.0,1504,42.0
1358830,2021-05-27,Cleburne,Arkansas,5023.0,2009,75.0
1361969,2021-05-28,Cleburne,Alabama,1029.0,1504,42.0
1362077,2021-05-28,Cleburne,Arkansas,5023.0,2010,75.0
1365215,2021-05-29,Cleburne,Alabama,1029.0,1504,42.0
1365323,2021-05-29,Cleburne,Arkansas,5023.0,2012,75.0
1368461,2021-05-30,Cleburne,Alabama,1029.0,1504,42.0
1368569,2021-05-30,Cleburne,Arkansas,5023.0,2013,75.0
1371707,2021-05-31,Cleburne,Alabama,1029.0,1504,42.0
1371814,2021-05-31,Cleburne,Arkansas,5023.0,2013,74.0
1374952,2021-06-01,Cleburne,Alabama,1029.0,1506,43.0
1375059,2021-06-01,Cleburne,Arkansas,5023.0,2013,74.0
1378198,2021-06-02,Cleburne,Alabama,1029.0,1507,43.0
1378305,2021-06-02,Cleburne,Arkansas,5023.0,2013,74.0
1381443,2021-06-03,Cleburne,Alabama,1029.0,1510,43.0
1381550,2021-06-03,Cleburne,Arkansas,5023.0,2013,74.0
1384689,2021-06-04,Cleburne,Alabama,1029.0,1511,43.0
1384796,2021-06-04,Cleburne,Arkansas,5023.0,2019,74.0
1387934,2021-06-05,Cleburne,Alabama,1029.0,1511,43.0
1388041,2021-06-05,Cleburne,Arkansas,5023.0,2025,74.0
1391179,2021-06-06,Cleburne,Alabama,1029.0,1511,43.0
1391286,2021-06-06,Cleburne,Arkansas,5023.0,2027,74.0
1394424,2021-06-07,Cleburne,Alabama,1029.0,1518,43.0
1394531,2021-06-07,Cleburne,Arkansas,5023.0,2027,74.0
1397671,2021-06-08,Cleburne,Alabama,1029.0,1518,43.0
1397778,2021-06-08,Cleburne,Arkansas,5023.0,2029,74.0
1400916,2021-06-09,Cleburne,Alabama,1029.0,1518,43.0
1401023,2021-06-09,Cleburne,Arkansas,5023.0,2032,74.0
1404161,2021-06-10,Cleburne,Alabama,1029.0,1524,43.0
1404268,2021-06-10,Cleburne,Arkansas,5023.0,2032,74.0
1407407,2021-06-11,Cleburne,Alabama,1029.0,1525,43.0
1407514,2021-06-11,Cleburne,Arkansas,5023.0,2033,74.0
1410652,2021-06-12,Cleburne,Alabama,1029.0,1525,43.0
1410759,2021-06-12,Cleburne,Arkansas,5023.0,2036,74.0
1413897,2021-06-13,Cleburne,Alabama,1029.0,1525,43.0
1414004,2021-06-13,Cleburne,Arkansas,5023.0,2036,74.0
1417143,2021-06-14,Cleburne,Alabama,1029.0,1531,44.0
1417250,2021-06-14,Cleburne,Arkansas,5023.0,2036,74.0
1420388,2021-06-15,Cleburne,Alabama,1029.0,1531,44.0
1420495,2021-06-15,Cleburne,Arkansas,5023.0,2038,74.0
1423635,2021-06-16,Cleburne,Alabama,1029.0,1532,44.0
1423743,2021-06-16,Cleburne,Arkansas,5023.0,2039,74.0
1426881,2021-06-17,Cleburne,Alabama,1029.0,1532,44.0
1426988,2021-06-17,Cleburne,Arkansas,5023.0,2042,74.0
1430126,2021-06-18,Cleburne,Alabama,1029.0,1534,44.0
1430233,2021-06-18,Cleburne,Arkansas,5023.0,2046,74.0
1433372,2021-06-19,Cleburne,Alabama,1029.0,1534,44.0
1433479,2021-06-19,Cleburne,Arkansas,5023.0,2046,74.0
1436619,2021-06-20,Cleburne,Alabama,1029.0,1534,44.0
1436726,2021-06-20,Cleburne,Arkansas,5023.0,2046,74.0
1439866,2021-06-21,Cleburne,Alabama,1029.0,1536,44.0
1439973,2021-06-21,Cleburne,Arkansas,5023.0,2047,74.0
1443111,2021-06-22,Cleburne,Alabama,1029.0,1536,44.0
1443218,2021-06-22,Cleburne,Arkansas,5023.0,2056,74.0
1446356,2021-06-23,Cleburne,Alabama,1029.0,1537,44.0
1446463,2021-06-23,Cleburne,Arkansas,5023.0,2058,74.0
1449601,2021-06-24,Cleburne,Alabama,1029.0,1537,44.0
1449708,2021-06-24,Cleburne,Arkansas,5023.0,2059,74.0
1452847,2021-06-25,Cleburne,Alabama,1029.0,1540,44.0
1452954,2021-06-25,Cleburne,Arkansas,5023.0,2062,74.0
1456092,2021-06-26,Cleburne,Alabama,1029.0,1540,44.0
1456199,2021-06-26,Cleburne,Arkansas,5023.0,2062,74.0
1459337,2021-06-27,Cleburne,Alabama,1029.0,1540,44.0
1459444,2021-06-27,Cleburne,Arkansas,5023.0,2062,74.0
1462582,2021-06-28,Cleburne,Alabama,1029.0,1542,44.0
1462689,2021-06-28,Cleburne,Arkansas,5023.0,2068,74.0
1465827,2021-06-29,Cleburne,Alabama,1029.0,1542,44.0
1465934,2021-06-29,Cleburne,Arkansas,5023.0,2074,74.0
1469072,2021-06-30,Cleburne,Alabama,1029.0,1542,43.0
1469179,2021-06-30,Cleburne,Arkansas,5023.0,2074,74.0
1472317,2021-07-01,Cleburne,Alabama,1029.0,1542,43.0
1472424,2021-07-01,Cleburne,Arkansas,5023.0,2077,74.0
1475563,2021-07-02,Cleburne,Alabama,1029.0,1542,43.0
1475670,2021-07-02,Cleburne,Arkansas,5023.0,2081,74.0
1478809,2021-07-03,Cleburne,Alabama,1029.0,1542,43.0
1478916,2021-07-03,Cleburne,Arkansas,5023.0,2081,74.0
1482056,2021-07-04,Cleburne,Alabama,1029.0,1542,43.0
1482163,2021-07-04,Cleburne,Arkansas,5023.0,2081,74.0
1485302,2021-07-05,Cleburne,Alabama,1029.0,1542,43.0
1485409,2021-07-05,Cleburne,Arkansas,5023.0,2088,74.0
1488549,2021-07-06,Cleburne,Alabama,1029.0,1542,43.0
1488656,2021-07-06,Cleburne,Arkansas,5023.0,2093,74.0
1491796,2021-07-07,Cleburne,Alabama,1029.0,1547,43.0
1491903,2021-07-07,Cleburne,Arkansas,5023.0,2113,74.0
1495043,2021-07-08,Cleburne,Alabama,1029.0,1547,43.0
1495150,2021-07-08,Cleburne,Arkansas,5023.0,2119,74.0
1498290,2021-07-09,Cleburne,Alabama,1029.0,1549,43.0
1498397,2021-07-09,Cleburne,Arkansas,5023.0,2135,74.0
1501536,2021-07-10,Cleburne,Alabama,1029.0,1550,43.0
1501643,2021-07-10,Cleburne,Arkansas,5023.0,2135,74.0
1504782,2021-07-11,Cleburne,Alabama,1029.0,1550,43.0
1504889,2021-07-11,Cleburne,Arkansas,5023.0,2135,74.0
1508028,2021-07-12,Cleburne,Alabama,1029.0,1551,43.0
1508135,2021-07-12,Cleburne,Arkansas,5023.0,2144,74.0
1511275,2021-07-13,Cleburne,Alabama,1029.0,1551,43.0
1511382,2021-07-13,Cleburne,Arkansas,5023.0,2163,74.0
1514521,2021-07-14,Cleburne,Alabama,1029.0,1555,43.0
1514628,2021-07-14,Cleburne,Arkansas,5023.0,2173,74.0
1517768,2021-07-15,Cleburne,Alabama,1029.0,1555,44.0
1517875,2021-07-15,Cleburne,Arkansas,5023.0,2187,74.0
1521016,2021-07-16,Cleburne,Alabama,1029.0,1555,44.0
1521123,2021-07-16,Cleburne,Arkansas,5023.0,2199,74.0
1524264,2021-07-17,Cleburne,Alabama,1029.0,1556,44.0
1524371,2021-07-17,Cleburne,Arkansas,5023.0,2199,74.0
1527511,2021-07-18,Cleburne,Alabama,1029.0,1556,44.0
1527618,2021-07-18,Cleburne,Arkansas,5023.0,2199,74.0
1530758,2021-07-19,Cleburne,Alabama,1029.0,1556,44.0
1530865,2021-07-19,Cleburne,Arkansas,5023.0,2227,74.0
1534005,2021-07-20,Cleburne,Alabama,1029.0,1558,44.0
1534112,2021-07-20,Cleburne,Arkansas,5023.0,2250,74.0
1537253,2021-07-21,Cleburne,Alabama,1029.0,1569,44.0
1537360,2021-07-21,Cleburne,Arkansas,5023.0,2271,74.0
1540500,2021-07-22,Cleburne,Alabama,1029.0,1584,45.0
1540607,2021-07-22,Cleburne,Arkansas,5023.0,2289,74.0
1543748,2021-07-23,Cleburne,Alabama,1029.0,1584,45.0
1543855,2021-07-23,Cleburne,Arkansas,5023.0,2300,74.0
1546995,2021-07-24,Cleburne,Alabama,1029.0,1590,45.0
1547102,2021-07-24,Cleburne,Arkansas,5023.0,2340,74.0
1550242,2021-07-25,Cleburne,Alabama,1029.0,1591,45.0
1550349,2021-07-25,Cleburne,Arkansas,5023.0,2344,74.0
1553489,2021-07-26,Cleburne,Alabama,1029.0,1595,45.0
1553596,2021-07-26,Cleburne,Arkansas,5023.0,2357,74.0
1556736,2021-07-27,Cleburne,Alabama,1029.0,1599,45.0
1556843,2021-07-27,Cleburne,Arkansas,5023.0,2389,74.0
1559983,2021-07-28,Cleburne,Alabama,1029.0,1602,45.0
1560090,2021-07-28,Cleburne,Arkansas,5023.0,2404,74.0
1563231,2021-07-29,Cleburne,Alabama,1029.0,1604,45.0
1563338,2021-07-29,Cleburne,Arkansas,5023.0,2438,74.0
1566479,2021-07-30,Cleburne,Alabama,1029.0,1604,45.0
1566586,2021-07-30,Cleburne,Arkansas,5023.0,2467,74.0
1569727,2021-07-31,Cleburne,Alabama,1029.0,1611,45.0
1569834,2021-07-31,Cleburne,Arkansas,5023.0,2486,74.0
1572975,2021-08-01,Cleburne,Alabama,1029.0,1613,45.0
1573082,2021-08-01,Cleburne,Arkansas,5023.0,2493,74.0
1576223,2021-08-02,Cleburne,Alabama,1029.0,1615,45.0
1576330,2021-08-02,Cleburne,Arkansas,5023.0,2499,74.0
1579471,2021-08-03,Cleburne,Alabama,1029.0,1618,45.0
1579578,2021-08-03,Cleburne,Arkansas,5023.0,2540,74.0
1582721,2021-08-04,Cleburne,Alabama,1029.0,1618,45.0
1582828,2021-08-04,Cleburne,Arkansas,5023.0,2578,74.0
1585971,2021-08-05,Cleburne,Alabama,1029.0,1625,45.0
1586078,2021-08-05,Cleburne,Arkansas,5023.0,2607,74.0
1589220,2021-08-06,Cleburne,Alabama,1029.0,1630,45.0
1589327,2021-08-06,Cleburne,Arkansas,5023.0,2642,74.0
1592469,2021-08-07,Cleburne,Alabama,1029.0,1633,45.0
1592576,2021-08-07,Cleburne,Arkansas,5023.0,2685,74.0
1595718,2021-08-08,Cleburne,Alabama,1029.0,1633,45.0
1595825,2021-08-08,Cleburne,Arkansas,5023.0,2712,74.0
1598967,2021-08-09,Cleburne,Alabama,1029.0,1642,45.0
1599074,2021-08-09,Cleburne,Arkansas,5023.0,2723,75.0
1602215,2021-08-10,Cleburne,Alabama,1029.0,1647,45.0
1602323,2021-08-10,Cleburne,Arkansas,5023.0,2752,75.0
1605465,2021-08-11,Cleburne,Alabama,1029.0,1655,45.0
1605572,2021-08-11,Cleburne,Arkansas,5023.0,2775,75.0
1608714,2021-08-12,Cleburne,Alabama,1029.0,1665,45.0
1608821,2021-08-12,Cleburne,Arkansas,5023.0,2788,75.0
1611961,2021-08-13,Cleburne,Alabama,1029.0,1672,45.0
1612069,2021-08-13,Cleburne,Arkansas,5023.0,2813,76.0
1615210,2021-08-14,Cleburne,Alabama,1029.0,1672,45.0
1615318,2021-08-14,Cleburne,Arkansas,5023.0,2825,76.0
1618458,2021-08-15,Cleburne,Alabama,1029.0,1681,45.0
1618566,2021-08-15,Cleburne,Arkansas,5023.0,2835,76.0
1621706,2021-08-16,Cleburne,Alabama,1029.0,1688,45.0
1621813,2021-08-16,Cleburne,Arkansas,5023.0,2836,76.0
1624953,2021-08-17,Cleburne,Alabama,1029.0,1694,45.0
1625060,2021-08-17,Cleburne,Arkansas,5023.0,2858,76.0
1628200,2021-08-18,Cleburne,Alabama,1029.0,1706,45.0
1628307,2021-08-18,Cleburne,Arkansas,5023.0,2871,76.0
1631447,2021-08-19,Cleburne,Alabama,1029.0,1720,45.0
1631554,2021-08-19,Cleburne,Arkansas,5023.0,2900,76.0
1634695,2021-08-20,Cleburne,Alabama,1029.0,1737,46.0
1634803,2021-08-20,Cleburne,Arkansas,5023.0,2930,76.0
1637945,2021-08-21,Cleburne,Alabama,1029.0,1758,46.0
1638053,2021-08-21,Cleburne,Arkansas,5023.0,2957,77.0
1641195,2021-08-22,Cleburne,Alabama,1029.0,1767,46.0
1641303,2021-08-22,Cleburne,Arkansas,5023.0,2964,77.0
1644445,2021-08-23,Cleburne,Alabama,1029.0,1772,46.0
1644553,2021-08-23,Cleburne,Arkansas,5023.0,2970,77.0
1647694,2021-08-24,Cleburne,Alabama,1029.0,1772,46.0
1647801,2021-08-24,Cleburne,Arkansas,5023.0,3002,79.0
1650943,2021-08-25,Cleburne,Alabama,1029.0,1772,46.0
1651050,2021-08-25,Cleburne,Arkansas,5023.0,3031,79.0
1654189,2021-08-26,Cleburne,Alabama,1029.0,1813,46.0
1654297,2021-08-26,Cleburne,Arkansas,5023.0,3046,79.0
1657437,2021-08-27,Cleburne,Alabama,1029.0,1827,46.0
1657545,2021-08-27,Cleburne,Arkansas,5023.0,3077,81.0
1660685,2021-08-28,Cleburne,Alabama,1029.0,1846,46.0
1660793,2021-08-28,Cleburne,Arkansas,5023.0,3100,81.0
1663933,2021-08-29,Cleburne,Alabama,1029.0,1848,46.0
1664041,2021-08-29,Cleburne,Arkansas,5023.0,3106,81.0
1667181,2021-08-30,Cleburne,Alabama,1029.0,1860,46.0
1667288,2021-08-30,Cleburne,Arkansas,5023.0,3112,81.0
1670428,2021-08-31,Cleburne,Alabama,1029.0,1878,46.0
1670535,2021-08-31,Cleburne,Arkansas,5023.0,3141,81.0
1673676,2021-09-01,Cleburne,Alabama,1029.0,1898,46.0
1673783,2021-09-01,Cleburne,Arkansas,5023.0,3174,81.0
1676923,2021-09-02,Cleburne,Alabama,1029.0,1916,46.0
1677030,2021-09-02,Cleburne,Arkansas,5023.0,3195,81.0
1680171,2021-09-03,Cleburne,Alabama,1029.0,1933,46.0
1680278,2021-09-03,Cleburne,Arkansas,5023.0,3221,82.0
1683422,2021-09-04,Cleburne,Alabama,1029.0,1955,46.0
1683529,2021-09-04,Cleburne,Arkansas,5023.0,3245,82.0
1686672,2021-09-05,Cleburne,Alabama,1029.0,1963,46.0
1686779,2021-09-05,Cleburne,Arkansas,5023.0,3245,82.0
1689922,2021-09-06,Cleburne,Alabama,1029.0,1974,46.0
1690029,2021-09-06,Cleburne,Arkansas,5023.0,3253,82.0
1693171,2021-09-07,Cleburne,Alabama,1029.0,1982,46.0
1693278,2021-09-07,Cleburne,Arkansas,5023.0,3256,83.0
1696419,2021-09-08,Cleburne,Alabama,1029.0,1991,46.0
1696526,2021-09-08,Cleburne,Arkansas,5023.0,3274,84.0
1699668,2021-09-09,Cleburne,Alabama,1029.0,2003,46.0
1699775,2021-09-09,Cleburne,Arkansas,5023.0,3304,85.0
1702918,2021-09-10,Cleburne,Alabama,1029.0,2014,46.0
1703025,2021-09-10,Cleburne,Arkansas,5023.0,3323,85.0
1706166,2021-09-11,Cleburne,Alabama,1029.0,2026,46.0
1706273,2021-09-11,Cleburne,Arkansas,5023.0,3338,85.0
1709413,2021-09-12,Cleburne,Alabama,1029.0,2030,46.0
1709520,2021-09-12,Cleburne,Arkansas,5023.0,3344,85.0
1712660,2021-09-13,Cleburne,Alabama,1029.0,2042,46.0
1712767,2021-09-13,Cleburne,Arkansas,5023.0,3349,86.0
1715906,2021-09-14,Cleburne,Alabama,1029.0,2051,46.0
1716013,2021-09-14,Cleburne,Arkansas,5023.0,3361,85.0
1719154,2021-09-15,Cleburne,Alabama,1029.0,2057,46.0
1719261,2021-09-15,Cleburne,Arkansas,5023.0,3384,85.0
1722402,2021-09-16,Cleburne,Alabama,1029.0,2073,46.0
1722510,2021-09-16,Cleburne,Arkansas,5023.0,3403,85.0
1725651,2021-09-17,Cleburne,Alabama,1029.0,2087,46.0
1725759,2021-09-17,Cleburne,Arkansas,5023.0,3424,86.0
1728901,2021-09-18,Cleburne,Alabama,1029.0,2097,48.0
1729009,2021-09-18,Cleburne,Arkansas,5023.0,3440,86.0
1732151,2021-09-19,Cleburne,Alabama,1029.0,2107,48.0
1732259,2021-09-19,Cleburne,Arkansas,5023.0,3444,86.0
1735401,2021-09-20,Cleburne,Alabama,1029.0,2111,48.0
1735509,2021-09-20,Cleburne,Arkansas,5023.0,3446,88.0
1738650,2021-09-21,Cleburne,Alabama,1029.0,2120,48.0
1738758,2021-09-21,Cleburne,Arkansas,5023.0,3449,88.0
1741899,2021-09-22,Cleburne,Alabama,1029.0,2171,49.0
1742007,2021-09-22,Cleburne,Arkansas,5023.0,3466,88.0
1745148,2021-09-23,Cleburne,Alabama,1029.0,2257,50.0
1745256,2021-09-23,Cleburne,Arkansas,5023.0,3482,88.0
1748398,2021-09-24,Cleburne,Alabama,1029.0,2311,50.0
1748506,2021-09-24,Cleburne,Arkansas,5023.0,3497,88.0
1751647,2021-09-25,Cleburne,Alabama,1029.0,2352,51.0
1751755,2021-09-25,Cleburne,Arkansas,5023.0,3504,88.0
1754895,2021-09-26,Cleburne,Alabama,1029.0,2358,51.0
1755003,2021-09-26,Cleburne,Arkansas,5023.0,3507,88.0
1758143,2021-09-27,Cleburne,Alabama,1029.0,2367,51.0
1758251,2021-09-27,Cleburne,Arkansas,5023.0,3511,88.0
1761391,2021-09-28,Cleburne,Alabama,1029.0,2377,53.0
1761499,2021-09-28,Cleburne,Arkansas,5023.0,3520,88.0
1764640,2021-09-29,Cleburne,Alabama,1029.0,2392,53.0
1764748,2021-09-29,Cleburne,Arkansas,5023.0,3529,88.0
1767889,2021-09-30,Cleburne,Alabama,1029.0,2400,53.0
1767997,2021-09-30,Cleburne,Arkansas,5023.0,3543,88.0
1771138,2021-10-01,Cleburne,Alabama,1029.0,2413,53.0
1771246,2021-10-01,Cleburne,Arkansas,5023.0,3556,88.0
1774388,2021-10-02,Cleburne,Alabama,1029.0,2424,53.0
1774496,2021-10-02,Cleburne,Arkansas,5023.0,3563,88.0
1777638,2021-10-03,Cleburne,Alabama,1029.0,2434,53.0
1777746,2021-10-03,Cleburne,Arkansas,5023.0,3567,88.0
1780888,2021-10-04,Cleburne,Alabama,1029.0,2437,53.0
1780996,2021-10-04,Cleburne,Arkansas,5023.0,3570,88.0
1784137,2021-10-05,Cleburne,Alabama,1029.0,2438,53.0
1784245,2021-10-05,Cleburne,Arkansas,5023.0,3589,89.0
1787386,2021-10-06,Cleburne,Alabama,1029.0,2443,54.0
1787494,2021-10-06,Cleburne,Arkansas,5023.0,3594,89.0
1790634,2021-10-07,Cleburne,Alabama,1029.0,2444,54.0
1790743,2021-10-07,Cleburne,Arkansas,5023.0,3604,89.0
1793883,2021-10-08,Cleburne,Alabama,1029.0,2445,56.0
1793991,2021-10-08,Cleburne,Arkansas,5023.0,3614,89.0
1797132,2021-10-09,Cleburne,Alabama,1029.0,2446,57.0
1797240,2021-10-09,Cleburne,Arkansas,5023.0,3627,89.0
1800381,2021-10-10,Cleburne,Alabama,1029.0,2447,57.0
1800489,2021-10-10,Cleburne,Arkansas,5023.0,3630,89.0
1803630,2021-10-11,Cleburne,Alabama,1029.0,2447,57.0
1803738,2021-10-11,Cleburne,Arkansas,5023.0,3633,89.0
1806881,2021-10-12,Cleburne,Alabama,1029.0,2450,57.0
1806989,2021-10-12,Cleburne,Arkansas,5023.0,3636,89.0
1810130,2021-10-13,Cleburne,Alabama,1029.0,2454,58.0
1810238,2021-10-13,Cleburne,Arkansas,5023.0,3641,89.0
1813379,2021-10-14,Cleburne,Alabama,1029.0,2457,58.0
1813487,2021-10-14,Cleburne,Arkansas,5023.0,3649,89.0
1816627,2021-10-15,Cleburne,Alabama,1029.0,2459,58.0
1816735,2021-10-15,Cleburne,Arkansas,5023.0,3657,89.0
1819876,2021-10-16,Cleburne,Alabama,1029.0,2469,58.0
1819984,2021-10-16,Cleburne,Arkansas,5023.0,3663,89.0
1823125,2021-10-17,Cleburne,Alabama,1029.0,2470,58.0
1823233,2021-10-17,Cleburne,Arkansas,5023.0,3664,89.0
1826374,2021-10-18,Cleburne,Alabama,1029.0,2470,58.0
1826482,2021-10-18,Cleburne,Arkansas,5023.0,3665,89.0
1829623,2021-10-19,Cleburne,Alabama,1029.0,2469,60.0
1829731,2021-10-19,Cleburne,Arkansas,5023.0,3678,90.0
1832872,2021-10-20,Cleburne,Alabama,1029.0,2471,60.0
1832980,2021-10-20,Cleburne,Arkansas,5023.0,3683,90.0
1836121,2021-10-21,Cleburne,Alabama,1029.0,2473,60.0
1836229,2021-10-21,Cleburne,Arkansas,5023.0,3693,90.0
1839370,2021-10-22,Cleburne,Alabama,1029.0,2474,60.0
1839478,2021-10-22,Cleburne,Arkansas,5023.0,3701,90.0
1842619,2021-10-23,Cleburne,Alabama,1029.0,2477,60.0
1842728,2021-10-23,Cleburne,Arkansas,5023.0,3707,91.0
1845869,2021-10-24,Cleburne,Alabama,1029.0,2477,60.0
1845978,2021-10-24,Cleburne,Arkansas,5023.0,3711,91.0
1849119,2021-10-25,Cleburne,Alabama,1029.0,2477,60.0
1849228,2021-10-25,Cleburne,Arkansas,5023.0,3713,91.0
1852369,2021-10-26,Cleburne,Alabama,1029.0,2479,60.0
1852477,2021-10-26,Cleburne,Arkansas,5023.0,3717,91.0
1855618,2021-10-27,Cleburne,Alabama,1029.0,2481,60.0
1855726,2021-10-27,Cleburne,Arkansas,5023.0,3723,91.0
1858867,2021-10-28,Cleburne,Alabama,1029.0,2488,60.0
1858975,2021-10-28,Cleburne,Arkansas,5023.0,3738,91.0
1862116,2021-10-29,Cleburne,Alabama,1029.0,2491,60.0
1862224,2021-10-29,Cleburne,Arkansas,5023.0,3744,92.0
1865365,2021-10-30,Cleburne,Alabama,1029.0,2492,60.0
1865473,2021-10-30,Cleburne,Arkansas,5023.0,3750,92.0
1868614,2021-10-31,Cleburne,Alabama,1029.0,2494,60.0
1868722,2021-10-31,Cleburne,Arkansas,5023.0,3751,92.0
1871863,2021-11-01,Cleburne,Alabama,1029.0,2495,60.0
1871971,2021-11-01,Cleburne,Arkansas,5023.0,3752,92.0
1875112,2021-11-02,Cleburne,Alabama,1029.0,2495,60.0
1875220,2021-11-02,Cleburne,Arkansas,5023.0,3768,92.0
1878361,2021-11-03,Cleburne,Alabama,1029.0,2502,60.0
1878469,2021-11-03,Cleburne,Arkansas,5023.0,3778,92.0
1881610,2021-11-04,Cleburne,Alabama,1029.0,2507,60.0
1881718,2021-11-04,Cleburne,Arkansas,5023.0,3784,92.0
1884859,2021-11-05,Cleburne,Alabama,1029.0,2510,60.0
1884967,2021-11-05,Cleburne,Arkansas,5023.0,3788,93.0
1888109,2021-11-06,Cleburne,Alabama,1029.0,2509,60.0
1888217,2021-11-06,Cleburne,Arkansas,5023.0,3794,93.0
1891359,2021-11-07,Cleburne,Alabama,1029.0,2510,60.0
1891467,2021-11-07,Cleburne,Arkansas,5023.0,3795,93.0
1894609,2021-11-08,Cleburne,Alabama,1029.0,2512,60.0
1894717,2021-11-08,Cleburne,Arkansas,5023.0,3797,93.0
1897859,2021-11-09,Cleburne,Alabama,1029.0,2515,60.0
1897967,2021-11-09,Cleburne,Arkansas,5023.0,3809,93.0
1901109,2021-11-10,Cleburne,Alabama,1029.0,2517,60.0
1901217,2021-11-10,Cleburne,Arkansas,5023.0,3818,93.0
1904359,2021-11-11,Cleburne,Alabama,1029.0,2518,60.0
1904467,2021-11-11,Cleburne,Arkansas,5023.0,3825,94.0
1907608,2021-11-12,Cleburne,Alabama,1029.0,2520,60.0
1907716,2021-11-12,Cleburne,Arkansas,5023.0,3831,94.0
1910857,2021-11-13,Cleburne,Alabama,1029.0,2525,60.0
1910965,2021-11-13,Cleburne,Arkansas,5023.0,3839,94.0
1914107,2021-11-14,Cleburne,Alabama,1029.0,2525,60.0
1914215,2021-11-14,Cleburne,Arkansas,5023.0,3840,94.0
1917357,2021-11-15,Cleburne,Alabama,1029.0,2526,60.0
1917465,2021-11-15,Cleburne,Arkansas,5023.0,3840,94.0
1920607,2021-11-16,Cleburne,Alabama,1029.0,2528,60.0
1920715,2021-11-16,Cleburne,Arkansas,5023.0,3857,94.0
1923856,2021-11-17,Cleburne,Alabama,1029.0,2529,60.0
1923964,2021-11-17,Cleburne,Arkansas,5023.0,3874,94.0
1927106,2021-11-18,Cleburne,Alabama,1029.0,2531,60.0
1927214,2021-11-18,Cleburne,Arkansas,5023.0,3881,94.0
1930356,2021-11-19,Cleburne,Alabama,1029.0,2533,60.0
1930464,2021-11-19,Cleburne,Arkansas,5023.0,3889,94.0
1933608,2021-11-20,Cleburne,Alabama,1029.0,2535,60.0
1933716,2021-11-20,Cleburne,Arkansas,5023.0,3894,94.0
1936858,2021-11-21,Cleburne,Alabama,1029.0,2539,60.0
1936966,2021-11-21,Cleburne,Arkansas,5023.0,3896,94.0
1940108,2021-11-22,Cleburne,Alabama,1029.0,2540,60.0
1940216,2021-11-22,Cleburne,Arkansas,5023.0,3896,94.0
1943358,2021-11-23,Cleburne,Alabama,1029.0,2542,60.0
1943466,2021-11-23,Cleburne,Arkansas,5023.0,3909,94.0
1946609,2021-11-24,Cleburne,Alabama,1029.0,2542,60.0
1946717,2021-11-24,Cleburne,Arkansas,5023.0,3918,94.0
1949860,2021-11-25,Cleburne,Alabama,1029.0,2543,60.0
1949968,2021-11-25,Cleburne,Arkansas,5023.0,3933,95.0
1953111,2021-11-26,Cleburne,Alabama,1029.0,2543,60.0
1953219,2021-11-26,Cleburne,Arkansas,5023.0,3940,95.0
1956362,2021-11-27,Cleburne,Alabama,1029.0,2544,60.0
1956470,2021-11-27,Cleburne,Arkansas,5023.0,3951,95.0
1959613,2021-11-28,Cleburne,Alabama,1029.0,2544,60.0
1959721,2021-11-28,Cleburne,Arkansas,5023.0,3955,95.0
1962864,2021-11-29,Cleburne,Alabama,1029.0,2544,60.0
1962972,2021-11-29,Cleburne,Arkansas,5023.0,3956,95.0
1966116,2021-11-30,Cleburne,Alabama,1029.0,2545,60.0
1966224,2021-11-30,Cleburne,Arkansas,5023.0,3973,95.0
1969366,2021-12-01,Cleburne,Alabama,1029.0,2547,60.0
1969474,2021-12-01,Cleburne,Arkansas,5023.0,3990,95.0
1972616,2021-12-02,Cleburne,Alabama,1029.0,2554,60.0
1972724,2021-12-02,Cleburne,Arkansas,5023.0,4011,95.0
1975865,2021-12-03,Cleburne,Alabama,1029.0,2554,60.0
1975973,2021-12-03,Cleburne,Arkansas,5023.0,4020,95.0
1979115,2021-12-04,Cleburne,Alabama,1029.0,2554,60.0
1979223,2021-12-04,Cleburne,Arkansas,5023.0,4031,95.0
1982365,2021-12-05,Cleburne,Alabama,1029.0,2554,60.0
1982473,2021-12-05,Cleburne,Arkansas,5023.0,4034,95.0
1985615,2021-12-06,Cleburne,Alabama,1029.0,2554,60.0
1985723,2021-12-06,Cleburne,Arkansas,5023.0,4036,95.0
1988865,2021-12-07,Cleburne,Alabama,1029.0,2554,60.0
1988973,2021-12-07,Cleburne,Arkansas,5023.0,4057,95.0
1992116,2021-12-08,Cleburne,Alabama,1029.0,2557,60.0
1992224,2021-12-08,Cleburne,Arkansas,5023.0,4070,95.0
1995367,2021-12-09,Cleburne,Alabama,1029.0,2559,60.0
1995475,2021-12-09,Cleburne,Arkansas,5023.0,4086,95.0
1998618,2021-12-10,Cleburne,Alabama,1029.0,2562,60.0
1998726,2021-12-10,Cleburne,Arkansas,5023.0,4096,95.0
2001868,2021-12-11,Cleburne,Alabama,1029.0,2566,60.0
2001976,2021-12-11,Cleburne,Arkansas,5023.0,4105,95.0
2005119,2021-12-12,Cleburne,Alabama,1029.0,2567,60.0
2005227,2021-12-12,Cleburne,Arkansas,5023.0,4104,95.0
2008370,2021-12-13,Cleburne,Alabama,1029.0,2568,60.0
2008478,2021-12-13,Cleburne,Arkansas,5023.0,4106,97.0
2011621,2021-12-14,Cleburne,Alabama,1029.0,2570,60.0
2011729,2021-12-14,Cleburne,Arkansas,5023.0,4112,97.0
2014872,2021-12-15,Cleburne,Alabama,1029.0,2572,60.0
2014980,2021-12-15,Cleburne,Arkansas,5023.0,4127,97.0
2018122,2021-12-16,Cleburne,Alabama,1029.0,2572,60.0
2018230,2021-12-16,Cleburne,Arkansas,5023.0,4136,97.0
2021373,2021-12-17,Cleburne,Alabama,1029.0,2574,60.0
2021481,2021-12-17,Cleburne,Arkansas,5023.0,4150,99.0
2024624,2021-12-18,Cleburne,Alabama,1029.0,2574,60.0
2024732,2021-12-18,Cleburne,Arkansas,5023.0,4157,99.0
2027875,2021-12-19,Cleburne,Alabama,1029.0,2574,60.0
2027983,2021-12-19,Cleburne,Arkansas,5023.0,4159,99.0
2031126,2021-12-20,Cleburne,Alabama,1029.0,2574,60.0
2031234,2021-12-20,Cleburne,Arkansas,5023.0,4162,99.0
2034376,2021-12-21,Cleburne,Alabama,1029.0,2573,60.0
2034484,2021-12-21,Cleburne,Arkansas,5023.0,4167,99.0
2037626,2021-12-22,Cleburne,Alabama,1029.0,2574,60.0
2037734,2021-12-22,Cleburne,Arkansas,5023.0,4184,99.0
2040876,2021-12-23,Cleburne,Alabama,1029.0,2581,60.0
2040984,2021-12-23,Cleburne,Arkansas,5023.0,4189,99.0
2044125,2021-12-24,Cleburne,Alabama,1029.0,2586,60.0
2044233,2021-12-24,Cleburne,Arkansas,5023.0,4197,99.0
2047375,2021-12-25,Cleburne,Alabama,1029.0,2587,60.0
2047483,2021-12-25,Cleburne,Arkansas,5023.0,4199,99.0
2050625,2021-12-26,Cleburne,Alabama,1029.0,2594,60.0
2050733,2021-12-26,Cleburne,Arkansas,5023.0,4198,99.0
2053875,2021-12-27,Cleburne,Alabama,1029.0,2598,60.0
2053983,2021-12-27,Cleburne,Arkansas,5023.0,4199,100.0
2057124,2021-12-28,Cleburne,Alabama,1029.0,2610,60.0
2057232,2021-12-28,Cleburne,Arkansas,5023.0,4215,100.0
2060373,2021-12-29,Cleburne,Alabama,1029.0,2623,60.0
2060481,2021-12-29,Cleburne,Arkansas,5023.0,4229,100.0
2063623,2021-12-30,Cleburne,Alabama,1029.0,2634,60.0
2063731,2021-12-30,Cleburne,Arkansas,5023.0,4261,100.0
2066873,2021-12-31,Cleburne,Alabama,1029.0,2649,60.0
2066982,2021-12-31,Cleburne,Arkansas,5023.0,4289,100.0
2070124,2022-01-01,Cleburne,Alabama,1029.0,2649,60.0
2070233,2022-01-01,Cleburne,Arkansas,5023.0,4309,101.0
2073375,2022-01-02,Cleburne,Alabama,1029.0,2663,60.0
2073484,2022-01-02,Cleburne,Arkansas,5023.0,4318,101.0
2076626,2022-01-03,Cleburne,Alabama,1029.0,2669,60.0
2076735,2022-01-03,Cleburne,Arkansas,5023.0,4329,103.0
2079878,2022-01-04,Cleburne,Alabama,1029.0,2679,60.0
2079987,2022-01-04,Cleburne,Arkansas,5023.0,4368,103.0
2083130,2022-01-05,Cleburne,Alabama,1029.0,2706,61.0
2083239,2022-01-05,Cleburne,Arkansas,5023.0,4411,103.0
2086382,2022-01-06,Cleburne,Alabama,1029.0,2720,61.0
2086491,2022-01-06,Cleburne,Arkansas,5023.0,4453,103.0
2089633,2022-01-07,Cleburne,Alabama,1029.0,2747,61.0
2089742,2022-01-07,Cleburne,Arkansas,5023.0,4520,103.0
2092885,2022-01-08,Cleburne,Alabama,1029.0,2763,61.0
2092994,2022-01-08,Cleburne,Arkansas,5023.0,4573,104.0
2096137,2022-01-09,Cleburne,Alabama,1029.0,2772,61.0
2096246,2022-01-09,Cleburne,Arkansas,5023.0,4573,104.0
2099388,2022-01-10,Cleburne,Alabama,1029.0,2778,61.0
2099497,2022-01-10,Cleburne,Arkansas,5023.0,4611,104.0
2102639,2022-01-11,Cleburne,Alabama,1029.0,2793,61.0
2102748,2022-01-11,Cleburne,Arkansas,5023.0,4663,104.0
2105890,2022-01-12,Cleburne,Alabama,1029.0,2814,61.0
2105999,2022-01-12,Cleburne,Arkansas,5023.0,4762,104.0
2109141,2022-01-13,Cleburne,Alabama,1029.0,2814,61.0
2109250,2022-01-13,Cleburne,Arkansas,5023.0,4937,104.0
2112393,2022-01-14,Cleburne,Alabama,1029.0,2814,61.0
2112502,2022-01-14,Cleburne,Arkansas,5023.0,5015,104.0
2115645,2022-01-15,Cleburne,Alabama,1029.0,2814,61.0
2115753,2022-01-15,Cleburne,Arkansas,5023.0,5154,105.0
2118897,2022-01-16,Cleburne,Alabama,1029.0,2926,62.0
2119005,2022-01-16,Cleburne,Arkansas,5023.0,5172,105.0
2122149,2022-01-17,Cleburne,Alabama,1029.0,2941,62.0
2122257,2022-01-17,Cleburne,Arkansas,5023.0,5195,105.0
2125401,2022-01-18,Cleburne,Alabama,1029.0,2958,62.0
2125509,2022-01-18,Cleburne,Arkansas,5023.0,5259,105.0
2128654,2022-01-19,Cleburne,Alabama,1029.0,2988,62.0
2128763,2022-01-19,Cleburne,Arkansas,5023.0,5405,105.0
2131908,2022-01-20,Cleburne,Alabama,1029.0,3014,62.0
2132016,2022-01-20,Cleburne,Arkansas,5023.0,5488,105.0
2135160,2022-01-21,Cleburne,Alabama,1029.0,3042,62.0
2135268,2022-01-21,Cleburne,Arkansas,5023.0,5558,105.0
2138415,2022-01-22,Cleburne,Alabama,1029.0,3085,62.0
2138524,2022-01-22,Cleburne,Arkansas,5023.0,5620,106.0
2141671,2022-01-23,Cleburne,Alabama,1029.0,3117,62.0
2141779,2022-01-23,Cleburne,Arkansas,5023.0,5645,107.0
2144926,2022-01-24,Cleburne,Alabama,1029.0,3126,62.0
2145034,2022-01-24,Cleburne,Arkansas,5023.0,5671,107.0
2148178,2022-01-25,Cleburne,Alabama,1029.0,3126,62.0
2148286,2022-01-25,Cleburne,Arkansas,5023.0,5748,107.0
2151430,2022-01-26,Cleburne,Alabama,1029.0,3126,62.0
2151538,2022-01-26,Cleburne,Arkansas,5023.0,5822,107.0
2154683,2022-01-27,Cleburne,Alabama,1029.0,3126,62.0
2154791,2022-01-27,Cleburne,Arkansas,5023.0,5882,107.0
2157936,2022-01-28,Cleburne,Alabama,1029.0,3126,62.0
2158044,2022-01-28,Cleburne,Arkansas,5023.0,5938,107.0
2161192,2022-01-29,Cleburne,Alabama,1029.0,3352,63.0
2161300,2022-01-29,Cleburne,Arkansas,5023.0,5938,107.0
2164447,2022-01-30,Cleburne,Alabama,1029.0,3367,63.0
2164555,2022-01-30,Cleburne,Arkansas,5023.0,5938,107.0
2167702,2022-01-31,Cleburne,Alabama,1029.0,3382,63.0
2167810,2022-01-31,Cleburne,Arkansas,5023.0,5987,107.0
2170955,2022-02-01,Cleburne,Alabama,1029.0,3400,63.0
2171063,2022-02-01,Cleburne,Arkansas,5023.0,6034,107.0
2174207,2022-02-02,Cleburne,Alabama,1029.0,3411,63.0
2174316,2022-02-02,Cleburne,Arkansas,5023.0,6064,108.0
2177460,2022-02-03,Cleburne,Alabama,1029.0,3411,63.0
2177569,2022-02-03,Cleburne,Arkansas,5023.0,6103,109.0
2180711,2022-02-04,Cleburne,Alabama,1029.0,3431,65.0
2180820,2022-02-04,Cleburne,Arkansas,5023.0,6119,109.0
2183963,2022-02-05,Cleburne,Alabama,1029.0,3433,65.0
2184072,2022-02-05,Cleburne,Arkansas,5023.0,6119,109.0
2187216,2022-02-06,Cleburne,Alabama,1029.0,3433,65.0
2187325,2022-02-06,Cleburne,Arkansas,5023.0,6131,109.0
2190469,2022-02-07,Cleburne,Alabama,1029.0,3442,65.0
2190578,2022-02-07,Cleburne,Arkansas,5023.0,6136,109.0
2193722,2022-02-08,Cleburne,Alabama,1029.0,3455,65.0
2193831,2022-02-08,Cleburne,Arkansas,5023.0,6200,111.0
2196977,2022-02-09,Cleburne,Alabama,1029.0,3488,65.0
2197086,2022-02-09,Cleburne,Arkansas,5023.0,6222,111.0
2200231,2022-02-10,Cleburne,Alabama,1029.0,3497,65.0
2200340,2022-02-10,Cleburne,Arkansas,5023.0,6233,111.0
2203485,2022-02-11,Cleburne,Alabama,1029.0,3502,65.0
2203593,2022-02-11,Cleburne,Arkansas,5023.0,6240,111.0
2206738,2022-02-12,Cleburne,Alabama,1029.0,3502,65.0
2206846,2022-02-12,Cleburne,Arkansas,5023.0,6257,111.0
2209991,2022-02-13,Cleburne,Alabama,1029.0,3504,65.0
2210099,2022-02-13,Cleburne,Arkansas,5023.0,6260,111.0
2213244,2022-02-14,Cleburne,Alabama,1029.0,3508,65.0
2213351,2022-02-14,Cleburne,Arkansas,5023.0,6263,111.0
2216495,2022-02-15,Cleburne,Alabama,1029.0,3508,66.0
2216602,2022-02-15,Cleburne,Arkansas,5023.0,6283,111.0
2219745,2022-02-16,Cleburne,Alabama,1029.0,3508,66.0
2219853,2022-02-16,Cleburne,Arkansas,5023.0,6292,112.0
2222996,2022-02-17,Cleburne,Alabama,1029.0,3510,66.0
2223104,2022-02-17,Cleburne,Arkansas,5023.0,6301,113.0
2226247,2022-02-18,Cleburne,Alabama,1029.0,3514,66.0
2226355,2022-02-18,Cleburne,Arkansas,5023.0,6309,113.0
2229498,2022-02-19,Cleburne,Alabama,1029.0,3520,66.0
2229606,2022-02-19,Cleburne,Arkansas,5023.0,6335,113.0
2232749,2022-02-20,Cleburne,Alabama,1029.0,3522,66.0
2232857,2022-02-20,Cleburne,Arkansas,5023.0,6339,113.0
2236000,2022-02-21,Cleburne,Alabama,1029.0,3523,66.0
2236108,2022-02-21,Cleburne,Arkansas,5023.0,6341,113.0
2239251,2022-02-22,Cleburne,Alabama,1029.0,3524,66.0
2239359,2022-02-22,Cleburne,Arkansas,5023.0,6344,113.0
2242502,2022-02-23,Cleburne,Alabama,1029.0,3527,66.0
2242610,2022-02-23,Cleburne,Arkansas,5023.0,6349,113.0
2245753,2022-02-24,Cleburne,Alabama,1029.0,3528,66.0
2245861,2022-02-24,Cleburne,Arkansas,5023.0,6354,115.0
2249004,2022-02-25,Cleburne,Alabama,1029.0,3530,66.0
2249112,2022-02-25,Cleburne,Arkansas,5023.0,6356,116.0
2252255,2022-02-26,Cleburne,Alabama,1029.0,3530,66.0
2252363,2022-02-26,Cleburne,Arkansas,5023.0,6359,116.0
2255506,2022-02-27,Cleburne,Alabama,1029.0,3530,66.0
2255614,2022-02-27,Cleburne,Arkansas,5023.0,6359,118.0
2258757,2022-02-28,Cleburne,Alabama,1029.0,3530,66.0
2258865,2022-02-28,Cleburne,Arkansas,5023.0,6360,118.0
2262008,2022-03-01,Cleburne,Alabama,1029.0,3533,68.0
2262116,2022-03-01,Cleburne,Arkansas,5023.0,6366,119.0
2265258,2022-03-02,Cleburne,Alabama,1029.0,3537,68.0
2265367,2022-03-02,Cleburne,Arkansas,5023.0,6373,120.0
2268511,2022-03-03,Cleburne,Alabama,1029.0,3541,68.0
2268620,2022-03-03,Cleburne,Arkansas,5023.0,6377,121.0
2271763,2022-03-04,Cleburne,Alabama,1029.0,3542,68.0
2271872,2022-03-04,Cleburne,Arkansas,5023.0,6384,121.0
2275016,2022-03-05,Cleburne,Alabama,1029.0,3542,68.0
2275125,2022-03-05,Cleburne,Arkansas,5023.0,6386,121.0
2278269,2022-03-06,Cleburne,Alabama,1029.0,3542,68.0
2278378,2022-03-06,Cleburne,Arkansas,5023.0,6390,121.0
2281522,2022-03-07,Cleburne,Alabama,1029.0,3547,68.0
2281631,2022-03-07,Cleburne,Arkansas,5023.0,6391,121.0
2284774,2022-03-08,Cleburne,Alabama,1029.0,3548,68.0
2284883,2022-03-08,Cleburne,Arkansas,5023.0,6394,122.0
2288026,2022-03-09,Cleburne,Alabama,1029.0,3550,68.0
2288134,2022-03-09,Cleburne,Arkansas,5023.0,6402,123.0
2291278,2022-03-10,Cleburne,Alabama,1029.0,3550,68.0
2291386,2022-03-10,Cleburne,Arkansas,5023.0,6404,125.0
2294530,2022-03-11,Cleburne,Alabama,1029.0,3552,68.0
2294638,2022-03-11,Cleburne,Arkansas,5023.0,6405,125.0
2297782,2022-03-12,Cleburne,Alabama,1029.0,3552,68.0
2297890,2022-03-12,Cleburne,Arkansas,5023.0,6408,126.0
2301034,2022-03-13,Cleburne,Alabama,1029.0,3552,68.0
2301142,2022-03-13,Cleburne,Arkansas,5023.0,6408,127.0
2304286,2022-03-14,Cleburne,Alabama,1029.0,3553,68.0
2304394,2022-03-14,Cleburne,Arkansas,5023.0,6408,127.0
2307537,2022-03-15,Cleburne,Alabama,1029.0,3554,69.0
2307645,2022-03-15,Cleburne,Arkansas,5023.0,6410,127.0
2310790,2022-03-16,Cleburne,Alabama,1029.0,3554,69.0
2310898,2022-03-16,Cleburne,Arkansas,5023.0,6413,127.0
2314043,2022-03-17,Cleburne,Alabama,1029.0,3554,69.0
2314151,2022-03-17,Cleburne,Arkansas,5023.0,6415,127.0
2317296,2022-03-18,Cleburne,Alabama,1029.0,3554,69.0
2317404,2022-03-18,Cleburne,Arkansas,5023.0,6416,127.0
2320550,2022-03-19,Cleburne,Alabama,1029.0,3554,69.0
2320658,2022-03-19,Cleburne,Arkansas,5023.0,6418,126.0
2323804,2022-03-20,Cleburne,Alabama,1029.0,3554,69.0
2323912,2022-03-20,Cleburne,Arkansas,5023.0,6418,126.0
2327057,2022-03-21,Cleburne,Alabama,1029.0,3556,69.0
2327165,2022-03-21,Cleburne,Arkansas,5023.0,6419,126.0
2330309,2022-03-22,Cleburne,Alabama,1029.0,3556,69.0
2330417,2022-03-22,Cleburne,Arkansas,5023.0,6423,126.0
2333563,2022-03-23,Cleburne,Alabama,1029.0,3556,69.0
2333671,2022-03-23,Cleburne,Arkansas,5023.0,6423,126.0
2336817,2022-03-24,Cleburne,Alabama,1029.0,3556,69.0
2336925,2022-03-24,Cleburne,Arkansas,5023.0,6425,126.0
2340070,2022-03-25,Cleburne,Alabama,1029.0,3557,69.0
2340178,2022-03-25,Cleburne,Arkansas,5023.0,6426,126.0
2343323,2022-03-26,Cleburne,Alabama,1029.0,3557,69.0
2343431,2022-03-26,Cleburne,Arkansas,5023.0,6428,127.0
2346576,2022-03-27,Cleburne,Alabama,1029.0,3557,69.0
2346684,2022-03-27,Cleburne,Arkansas,5023.0,6428,127.0
2349829,2022-03-28,Cleburne,Alabama,1029.0,3557,69.0
2349937,2022-03-28,Cleburne,Arkansas,5023.0,6428,127.0
2353081,2022-03-29,Cleburne,Alabama,1029.0,3557,69.0
2353189,2022-03-29,Cleburne,Arkansas,5023.0,6431,127.0
2356334,2022-03-30,Cleburne,Alabama,1029.0,3557,69.0
2356442,2022-03-30,Cleburne,Arkansas,5023.0,6433,127.0
2359588,2022-03-31,Cleburne,Alabama,1029.0,3558,69.0
2359696,2022-03-31,Cleburne,Arkansas,5023.0,6435,127.0
2362842,2022-04-01,Cleburne,Alabama,1029.0,3557,69.0
2362950,2022-04-01,Cleburne,Arkansas,5023.0,6438,128.0
2366095,2022-04-02,Cleburne,Alabama,1029.0,3557,69.0
2366203,2022-04-02,Cleburne,Arkansas,5023.0,6439,128.0
2369348,2022-04-03,Cleburne,Alabama,1029.0,3557,69.0
2369456,2022-04-03,Cleburne,Arkansas,5023.0,6439,128.0
2372601,2022-04-04,Cleburne,Alabama,1029.0,3557,69.0
2372709,2022-04-04,Cleburne,Arkansas,5023.0,6440,128.0
2375853,2022-04-05,Cleburne,Alabama,1029.0,3557,69.0
2375961,2022-04-05,Cleburne,Arkansas,5023.0,6440,128.0
2379107,2022-04-06,Cleburne,Alabama,1029.0,3558,69.0
2379215,2022-04-06,Cleburne,Arkansas,5023.0,6440,128.0
2382362,2022-04-07,Cleburne,Alabama,1029.0,3557,69.0
2382470,2022-04-07,Cleburne,Arkansas,5023.0,6440,128.0
2385617,2022-04-08,Cleburne,Alabama,1029.0,3557,69.0
2385725,2022-04-08,Cleburne,Arkansas,5023.0,6440,128.0
2388872,2022-04-09,Cleburne,Alabama,1029.0,3557,69.0
2388980,2022-04-09,Cleburne,Arkansas,5023.0,6442,128.0
