date,county,state,fips,cases,deaths
2020-04-02,Uinta,Wyoming,56041.0,1,0.0
2020-04-03,Uinta,Wyoming,56041.0,1,0.0
2020-04-04,Uinta,Wyoming,56041.0,2,0.0
2020-04-05,Uinta,Wyoming,56041.0,2,0.0
2020-04-06,Uinta,Wyoming,56041.0,3,0.0
2020-04-07,Uinta,Wyoming,56041.0,3,0.0
2020-04-08,Uinta,Wyoming,56041.0,2,0.0
2020-04-09,Uinta,Wyoming,56041.0,3,0.0
2020-04-10,Uinta,Wyoming,56041.0,4,0.0
2020-04-11,Uinta,Wyoming,56041.0,4,0.0
2020-04-12,Uinta,Wyoming,56041.0,4,0.0
2020-04-13,Uinta,Wyoming,56041.0,4,0.0
2020-04-14,Uinta,Wyoming,56041.0,4,0.0
2020-04-15,Uinta,Wyoming,56041.0,4,0.0
2020-04-16,Uinta,Wyoming,56041.0,4,0.0
2020-04-17,Uinta,Wyoming,56041.0,4,0.0
2020-04-18,Uinta,Wyoming,56041.0,6,0.0
2020-04-19,Uinta,Wyoming,56041.0,6,0.0
2020-04-20,Uinta,Wyoming,56041.0,6,0.0
2020-04-21,Uinta,Wyoming,56041.0,7,0.0
2020-04-22,Uinta,Wyoming,56041.0,7,0.0
2020-04-23,Uinta,Wyoming,56041.0,7,0.0
2020-04-24,Uinta,Wyoming,56041.0,7,0.0
2020-04-25,Uinta,Wyoming,56041.0,7,0.0
2020-04-26,Uinta,Wyoming,56041.0,7,0.0
2020-04-27,Uinta,Wyoming,56041.0,7,0.0
2020-04-28,Uinta,Wyoming,56041.0,8,0.0
2020-04-29,Uinta,Wyoming,56041.0,8,0.0
2020-04-30,Uinta,Wyoming,56041.0,8,0.0
2020-05-01,Uinta,Wyoming,56041.0,8,0.0
2020-05-02,Uinta,Wyoming,56041.0,8,0.0
2020-05-03,Uinta,Wyoming,56041.0,8,0.0
2020-05-04,Uinta,Wyoming,56041.0,8,0.0
2020-05-05,Uinta,Wyoming,56041.0,8,0.0
2020-05-06,Uinta,Wyoming,56041.0,8,0.0
2020-05-07,Uinta,Wyoming,56041.0,8,0.0
2020-05-08,Uinta,Wyoming,56041.0,9,0.0
2020-05-09,Uinta,Wyoming,56041.0,9,0.0
2020-05-10,Uinta,Wyoming,56041.0,9,0.0
2020-05-11,Uinta,Wyoming,56041.0,9,0.0
2020-05-12,Uinta,Wyoming,56041.0,9,0.0
2020-05-13,Uinta,Wyoming,56041.0,9,0.0
2020-05-14,Uinta,Wyoming,56041.0,9,0.0
2020-05-15,Uinta,Wyoming,56041.0,9,0.0
2020-05-16,Uinta,Wyoming,56041.0,10,0.0
2020-05-17,Uinta,Wyoming,56041.0,10,0.0
2020-05-18,Uinta,Wyoming,56041.0,12,0.0
2020-05-19,Uinta,Wyoming,56041.0,11,0.0
2020-05-20,Uinta,Wyoming,56041.0,11,0.0
2020-05-21,Uinta,Wyoming,56041.0,13,0.0
2020-05-22,Uinta,Wyoming,56041.0,13,0.0
2020-05-23,Uinta,Wyoming,56041.0,12,0.0
2020-05-24,Uinta,Wyoming,56041.0,12,0.0
2020-05-25,Uinta,Wyoming,56041.0,12,0.0
2020-05-26,Uinta,Wyoming,56041.0,12,0.0
2020-05-27,Uinta,Wyoming,56041.0,12,0.0
2020-05-28,Uinta,Wyoming,56041.0,12,0.0
2020-05-29,Uinta,Wyoming,56041.0,12,0.0
2020-05-30,Uinta,Wyoming,56041.0,12,0.0
2020-05-31,Uinta,Wyoming,56041.0,12,0.0
2020-06-01,Uinta,Wyoming,56041.0,12,0.0
2020-06-02,Uinta,Wyoming,56041.0,13,0.0
2020-06-03,Uinta,Wyoming,56041.0,13,0.0
2020-06-04,Uinta,Wyoming,56041.0,13,0.0
2020-06-05,Uinta,Wyoming,56041.0,19,0.0
2020-06-06,Uinta,Wyoming,56041.0,19,0.0
2020-06-07,Uinta,Wyoming,56041.0,23,0.0
2020-06-08,Uinta,Wyoming,56041.0,25,0.0
2020-06-09,Uinta,Wyoming,56041.0,35,0.0
2020-06-10,Uinta,Wyoming,56041.0,39,0.0
2020-06-11,Uinta,Wyoming,56041.0,53,0.0
2020-06-12,Uinta,Wyoming,56041.0,62,0.0
2020-06-13,Uinta,Wyoming,56041.0,71,0.0
2020-06-14,Uinta,Wyoming,56041.0,73,0.0
2020-06-15,Uinta,Wyoming,56041.0,88,0.0
2020-06-16,Uinta,Wyoming,56041.0,91,0.0
2020-06-17,Uinta,Wyoming,56041.0,104,0.0
2020-06-18,Uinta,Wyoming,56041.0,116,0.0
2020-06-19,Uinta,Wyoming,56041.0,128,0.0
2020-06-20,Uinta,Wyoming,56041.0,130,0.0
2020-06-21,Uinta,Wyoming,56041.0,138,0.0
2020-06-22,Uinta,Wyoming,56041.0,148,0.0
2020-06-23,Uinta,Wyoming,56041.0,152,0.0
2020-06-24,Uinta,Wyoming,56041.0,157,0.0
2020-06-25,Uinta,Wyoming,56041.0,162,0.0
2020-06-26,Uinta,Wyoming,56041.0,166,0.0
2020-06-27,Uinta,Wyoming,56041.0,167,0.0
2020-06-28,Uinta,Wyoming,56041.0,168,0.0
2020-06-29,Uinta,Wyoming,56041.0,174,0.0
2020-06-30,Uinta,Wyoming,56041.0,176,0.0
2020-07-01,Uinta,Wyoming,56041.0,177,0.0
2020-07-02,Uinta,Wyoming,56041.0,180,0.0
2020-07-03,Uinta,Wyoming,56041.0,182,0.0
2020-07-04,Uinta,Wyoming,56041.0,183,0.0
2020-07-05,Uinta,Wyoming,56041.0,184,0.0
2020-07-06,Uinta,Wyoming,56041.0,190,0.0
2020-07-07,Uinta,Wyoming,56041.0,190,0.0
2020-07-08,Uinta,Wyoming,56041.0,192,0.0
2020-07-09,Uinta,Wyoming,56041.0,198,0.0
2020-07-10,Uinta,Wyoming,56041.0,200,0.0
2020-07-11,Uinta,Wyoming,56041.0,201,0.0
2020-07-12,Uinta,Wyoming,56041.0,202,0.0
2020-07-13,Uinta,Wyoming,56041.0,205,0.0
2020-07-14,Uinta,Wyoming,56041.0,208,0.0
2020-07-15,Uinta,Wyoming,56041.0,208,0.0
2020-07-16,Uinta,Wyoming,56041.0,217,0.0
2020-07-17,Uinta,Wyoming,56041.0,219,0.0
2020-07-18,Uinta,Wyoming,56041.0,221,0.0
2020-07-19,Uinta,Wyoming,56041.0,221,0.0
2020-07-20,Uinta,Wyoming,56041.0,222,0.0
2020-07-21,Uinta,Wyoming,56041.0,223,0.0
2020-07-22,Uinta,Wyoming,56041.0,224,0.0
2020-07-23,Uinta,Wyoming,56041.0,227,0.0
2020-07-24,Uinta,Wyoming,56041.0,232,0.0
2020-07-25,Uinta,Wyoming,56041.0,233,0.0
2020-07-26,Uinta,Wyoming,56041.0,233,0.0
2020-07-27,Uinta,Wyoming,56041.0,235,0.0
2020-07-28,Uinta,Wyoming,56041.0,243,1.0
2020-07-29,Uinta,Wyoming,56041.0,245,1.0
2020-07-30,Uinta,Wyoming,56041.0,247,1.0
2020-07-31,Uinta,Wyoming,56041.0,254,1.0
2020-08-01,Uinta,Wyoming,56041.0,259,1.0
2020-08-02,Uinta,Wyoming,56041.0,262,1.0
2020-08-03,Uinta,Wyoming,56041.0,265,1.0
2020-08-04,Uinta,Wyoming,56041.0,267,1.0
2020-08-05,Uinta,Wyoming,56041.0,268,1.0
2020-08-06,Uinta,Wyoming,56041.0,272,1.0
2020-08-07,Uinta,Wyoming,56041.0,274,1.0
2020-08-08,Uinta,Wyoming,56041.0,274,1.0
2020-08-09,Uinta,Wyoming,56041.0,278,1.0
2020-08-10,Uinta,Wyoming,56041.0,277,1.0
2020-08-11,Uinta,Wyoming,56041.0,279,2.0
2020-08-12,Uinta,Wyoming,56041.0,278,2.0
2020-08-13,Uinta,Wyoming,56041.0,278,2.0
2020-08-14,Uinta,Wyoming,56041.0,277,2.0
2020-08-15,Uinta,Wyoming,56041.0,276,2.0
2020-08-16,Uinta,Wyoming,56041.0,276,2.0
2020-08-17,Uinta,Wyoming,56041.0,277,2.0
2020-08-18,Uinta,Wyoming,56041.0,278,2.0
2020-08-19,Uinta,Wyoming,56041.0,283,2.0
2020-08-20,Uinta,Wyoming,56041.0,283,2.0
2020-08-21,Uinta,Wyoming,56041.0,283,2.0
2020-08-22,Uinta,Wyoming,56041.0,283,2.0
2020-08-23,Uinta,Wyoming,56041.0,283,2.0
2020-08-24,Uinta,Wyoming,56041.0,283,2.0
2020-08-25,Uinta,Wyoming,56041.0,283,2.0
2020-08-26,Uinta,Wyoming,56041.0,289,2.0
2020-08-27,Uinta,Wyoming,56041.0,290,2.0
2020-08-28,Uinta,Wyoming,56041.0,292,2.0
2020-08-29,Uinta,Wyoming,56041.0,292,2.0
2020-08-30,Uinta,Wyoming,56041.0,295,2.0
2020-08-31,Uinta,Wyoming,56041.0,298,2.0
2020-09-01,Uinta,Wyoming,56041.0,301,2.0
2020-09-02,Uinta,Wyoming,56041.0,303,2.0
2020-09-03,Uinta,Wyoming,56041.0,305,2.0
2020-09-04,Uinta,Wyoming,56041.0,308,2.0
2020-09-05,Uinta,Wyoming,56041.0,308,2.0
2020-09-06,Uinta,Wyoming,56041.0,308,2.0
2020-09-07,Uinta,Wyoming,56041.0,308,2.0
2020-09-08,Uinta,Wyoming,56041.0,309,2.0
2020-09-09,Uinta,Wyoming,56041.0,308,2.0
2020-09-10,Uinta,Wyoming,56041.0,310,2.0
2020-09-11,Uinta,Wyoming,56041.0,310,2.0
2020-09-12,Uinta,Wyoming,56041.0,310,2.0
2020-09-13,Uinta,Wyoming,56041.0,311,2.0
2020-09-14,Uinta,Wyoming,56041.0,312,2.0
2020-09-15,Uinta,Wyoming,56041.0,312,2.0
2020-09-16,Uinta,Wyoming,56041.0,323,2.0
2020-09-17,Uinta,Wyoming,56041.0,327,2.0
2020-09-18,Uinta,Wyoming,56041.0,327,2.0
2020-09-19,Uinta,Wyoming,56041.0,330,2.0
2020-09-20,Uinta,Wyoming,56041.0,334,2.0
2020-09-21,Uinta,Wyoming,56041.0,335,2.0
2020-09-22,Uinta,Wyoming,56041.0,339,2.0
2020-09-23,Uinta,Wyoming,56041.0,342,2.0
2020-09-24,Uinta,Wyoming,56041.0,347,2.0
2020-09-25,Uinta,Wyoming,56041.0,348,2.0
2020-09-26,Uinta,Wyoming,56041.0,350,2.0
2020-09-27,Uinta,Wyoming,56041.0,352,2.0
2020-09-28,Uinta,Wyoming,56041.0,354,2.0
2020-09-29,Uinta,Wyoming,56041.0,354,2.0
2020-09-30,Uinta,Wyoming,56041.0,357,2.0
2020-10-01,Uinta,Wyoming,56041.0,356,2.0
2020-10-02,Uinta,Wyoming,56041.0,358,2.0
2020-10-03,Uinta,Wyoming,56041.0,359,2.0
2020-10-04,Uinta,Wyoming,56041.0,360,2.0
2020-10-05,Uinta,Wyoming,56041.0,365,2.0
2020-10-06,Uinta,Wyoming,56041.0,368,2.0
2020-10-07,Uinta,Wyoming,56041.0,368,2.0
2020-10-08,Uinta,Wyoming,56041.0,373,2.0
2020-10-09,Uinta,Wyoming,56041.0,378,2.0
2020-10-10,Uinta,Wyoming,56041.0,379,2.0
2020-10-11,Uinta,Wyoming,56041.0,380,2.0
2020-10-12,Uinta,Wyoming,56041.0,381,2.0
2020-10-13,Uinta,Wyoming,56041.0,384,2.0
2020-10-14,Uinta,Wyoming,56041.0,385,2.0
2020-10-15,Uinta,Wyoming,56041.0,388,2.0
2020-10-16,Uinta,Wyoming,56041.0,392,2.0
2020-10-17,Uinta,Wyoming,56041.0,401,2.0
2020-10-18,Uinta,Wyoming,56041.0,401,2.0
2020-10-19,Uinta,Wyoming,56041.0,403,2.0
2020-10-20,Uinta,Wyoming,56041.0,404,2.0
2020-10-21,Uinta,Wyoming,56041.0,407,2.0
2020-10-22,Uinta,Wyoming,56041.0,410,3.0
2020-10-23,Uinta,Wyoming,56041.0,425,3.0
2020-10-24,Uinta,Wyoming,56041.0,428,3.0
2020-10-25,Uinta,Wyoming,56041.0,431,3.0
2020-10-26,Uinta,Wyoming,56041.0,442,3.0
2020-10-27,Uinta,Wyoming,56041.0,451,3.0
2020-10-28,Uinta,Wyoming,56041.0,462,3.0
2020-10-29,Uinta,Wyoming,56041.0,469,3.0
2020-10-30,Uinta,Wyoming,56041.0,479,3.0
2020-10-31,Uinta,Wyoming,56041.0,484,3.0
2020-11-01,Uinta,Wyoming,56041.0,488,3.0
2020-11-02,Uinta,Wyoming,56041.0,492,3.0
2020-11-03,Uinta,Wyoming,56041.0,510,3.0
2020-11-04,Uinta,Wyoming,56041.0,518,3.0
2020-11-05,Uinta,Wyoming,56041.0,529,3.0
2020-11-06,Uinta,Wyoming,56041.0,542,3.0
2020-11-07,Uinta,Wyoming,56041.0,544,3.0
2020-11-08,Uinta,Wyoming,56041.0,551,4.0
2020-11-09,Uinta,Wyoming,56041.0,568,4.0
2020-11-10,Uinta,Wyoming,56041.0,614,4.0
2020-11-11,Uinta,Wyoming,56041.0,627,4.0
2020-11-12,Uinta,Wyoming,56041.0,664,4.0
2020-11-13,Uinta,Wyoming,56041.0,686,4.0
2020-11-14,Uinta,Wyoming,56041.0,719,4.0
2020-11-15,Uinta,Wyoming,56041.0,729,4.0
2020-11-16,Uinta,Wyoming,56041.0,760,4.0
2020-11-17,Uinta,Wyoming,56041.0,796,4.0
2020-11-18,Uinta,Wyoming,56041.0,835,4.0
2020-11-19,Uinta,Wyoming,56041.0,869,4.0
2020-11-20,Uinta,Wyoming,56041.0,894,4.0
2020-11-21,Uinta,Wyoming,56041.0,901,4.0
2020-11-22,Uinta,Wyoming,56041.0,920,4.0
2020-11-23,Uinta,Wyoming,56041.0,950,4.0
2020-11-24,Uinta,Wyoming,56041.0,982,4.0
2020-11-25,Uinta,Wyoming,56041.0,1016,4.0
2020-11-26,Uinta,Wyoming,56041.0,1016,4.0
2020-11-27,Uinta,Wyoming,56041.0,1037,4.0
2020-11-28,Uinta,Wyoming,56041.0,1037,4.0
2020-11-29,Uinta,Wyoming,56041.0,1046,4.0
2020-11-30,Uinta,Wyoming,56041.0,1070,4.0
2020-12-01,Uinta,Wyoming,56041.0,1089,4.0
2020-12-02,Uinta,Wyoming,56041.0,1121,4.0
2020-12-03,Uinta,Wyoming,56041.0,1149,5.0
2020-12-04,Uinta,Wyoming,56041.0,1175,5.0
2020-12-05,Uinta,Wyoming,56041.0,1187,5.0
2020-12-06,Uinta,Wyoming,56041.0,1198,5.0
2020-12-07,Uinta,Wyoming,56041.0,1221,6.0
2020-12-08,Uinta,Wyoming,56041.0,1237,6.0
2020-12-09,Uinta,Wyoming,56041.0,1250,7.0
2020-12-10,Uinta,Wyoming,56041.0,1271,7.0
2020-12-11,Uinta,Wyoming,56041.0,1281,7.0
2020-12-12,Uinta,Wyoming,56041.0,1289,7.0
2020-12-13,Uinta,Wyoming,56041.0,1307,7.0
2020-12-14,Uinta,Wyoming,56041.0,1327,7.0
2020-12-15,Uinta,Wyoming,56041.0,1352,7.0
2020-12-16,Uinta,Wyoming,56041.0,1363,7.0
2020-12-17,Uinta,Wyoming,56041.0,1372,7.0
2020-12-18,Uinta,Wyoming,56041.0,1399,7.0
2020-12-19,Uinta,Wyoming,56041.0,1406,7.0
2020-12-20,Uinta,Wyoming,56041.0,1416,7.0
2020-12-21,Uinta,Wyoming,56041.0,1446,7.0
2020-12-22,Uinta,Wyoming,56041.0,1460,7.0
2020-12-23,Uinta,Wyoming,56041.0,1475,7.0
2020-12-24,Uinta,Wyoming,56041.0,1475,7.0
2020-12-25,Uinta,Wyoming,56041.0,1475,7.0
2020-12-26,Uinta,Wyoming,56041.0,1495,7.0
2020-12-27,Uinta,Wyoming,56041.0,1497,7.0
2020-12-28,Uinta,Wyoming,56041.0,1507,7.0
2020-12-29,Uinta,Wyoming,56041.0,1521,7.0
2020-12-30,Uinta,Wyoming,56041.0,1540,7.0
2020-12-31,Uinta,Wyoming,56041.0,1558,7.0
2021-01-01,Uinta,Wyoming,56041.0,1558,7.0
2021-01-02,Uinta,Wyoming,56041.0,1569,7.0
2021-01-03,Uinta,Wyoming,56041.0,1570,7.0
2021-01-04,Uinta,Wyoming,56041.0,1579,7.0
2021-01-05,Uinta,Wyoming,56041.0,1597,7.0
2021-01-06,Uinta,Wyoming,56041.0,1618,7.0
2021-01-07,Uinta,Wyoming,56041.0,1668,8.0
2021-01-08,Uinta,Wyoming,56041.0,1693,8.0
2021-01-09,Uinta,Wyoming,56041.0,1693,8.0
2021-01-10,Uinta,Wyoming,56041.0,1708,8.0
2021-01-11,Uinta,Wyoming,56041.0,1744,8.0
2021-01-12,Uinta,Wyoming,56041.0,1764,9.0
2021-01-13,Uinta,Wyoming,56041.0,1774,9.0
2021-01-14,Uinta,Wyoming,56041.0,1794,9.0
2021-01-15,Uinta,Wyoming,56041.0,1806,9.0
2021-01-16,Uinta,Wyoming,56041.0,1813,9.0
2021-01-17,Uinta,Wyoming,56041.0,1817,9.0
2021-01-18,Uinta,Wyoming,56041.0,1833,9.0
2021-01-19,Uinta,Wyoming,56041.0,1843,10.0
2021-01-20,Uinta,Wyoming,56041.0,1852,10.0
2021-01-21,Uinta,Wyoming,56041.0,1874,10.0
2021-01-22,Uinta,Wyoming,56041.0,1887,12.0
2021-01-23,Uinta,Wyoming,56041.0,1887,12.0
2021-01-24,Uinta,Wyoming,56041.0,1900,12.0
2021-01-25,Uinta,Wyoming,56041.0,1913,12.0
2021-01-26,Uinta,Wyoming,56041.0,1925,12.0
2021-01-27,Uinta,Wyoming,56041.0,1948,12.0
2021-01-28,Uinta,Wyoming,56041.0,1957,12.0
2021-01-29,Uinta,Wyoming,56041.0,1959,12.0
2021-01-30,Uinta,Wyoming,56041.0,1960,12.0
2021-01-31,Uinta,Wyoming,56041.0,1963,12.0
2021-02-01,Uinta,Wyoming,56041.0,1968,12.0
2021-02-02,Uinta,Wyoming,56041.0,1975,12.0
2021-02-03,Uinta,Wyoming,56041.0,1981,12.0
2021-02-04,Uinta,Wyoming,56041.0,1984,12.0
2021-02-05,Uinta,Wyoming,56041.0,1984,12.0
2021-02-06,Uinta,Wyoming,56041.0,1984,12.0
2021-02-07,Uinta,Wyoming,56041.0,1983,12.0
2021-02-08,Uinta,Wyoming,56041.0,1988,12.0
2021-02-09,Uinta,Wyoming,56041.0,1994,12.0
2021-02-10,Uinta,Wyoming,56041.0,1995,12.0
2021-02-11,Uinta,Wyoming,56041.0,1992,12.0
2021-02-12,Uinta,Wyoming,56041.0,1994,12.0
2021-02-13,Uinta,Wyoming,56041.0,1994,12.0
2021-02-14,Uinta,Wyoming,56041.0,1994,12.0
2021-02-15,Uinta,Wyoming,56041.0,1994,12.0
2021-02-16,Uinta,Wyoming,56041.0,2007,12.0
2021-02-17,Uinta,Wyoming,56041.0,2016,12.0
2021-02-18,Uinta,Wyoming,56041.0,2021,12.0
2021-02-19,Uinta,Wyoming,56041.0,2024,12.0
2021-02-20,Uinta,Wyoming,56041.0,2024,12.0
2021-02-21,Uinta,Wyoming,56041.0,2027,12.0
2021-02-22,Uinta,Wyoming,56041.0,2030,12.0
2021-02-23,Uinta,Wyoming,56041.0,2036,12.0
2021-02-24,Uinta,Wyoming,56041.0,2037,12.0
2021-02-25,Uinta,Wyoming,56041.0,2048,12.0
2021-02-26,Uinta,Wyoming,56041.0,2054,12.0
2021-02-27,Uinta,Wyoming,56041.0,2054,12.0
2021-02-28,Uinta,Wyoming,56041.0,2053,12.0
2021-03-01,Uinta,Wyoming,56041.0,2055,12.0
2021-03-02,Uinta,Wyoming,56041.0,2062,12.0
2021-03-03,Uinta,Wyoming,56041.0,2066,12.0
2021-03-04,Uinta,Wyoming,56041.0,2070,12.0
2021-03-05,Uinta,Wyoming,56041.0,2070,12.0
2021-03-06,Uinta,Wyoming,56041.0,2070,12.0
2021-03-07,Uinta,Wyoming,56041.0,2070,12.0
2021-03-08,Uinta,Wyoming,56041.0,2076,12.0
2021-03-09,Uinta,Wyoming,56041.0,2083,12.0
2021-03-10,Uinta,Wyoming,56041.0,2084,12.0
2021-03-11,Uinta,Wyoming,56041.0,2087,12.0
2021-03-12,Uinta,Wyoming,56041.0,2088,12.0
2021-03-13,Uinta,Wyoming,56041.0,2088,12.0
2021-03-14,Uinta,Wyoming,56041.0,2088,12.0
2021-03-15,Uinta,Wyoming,56041.0,2091,12.0
2021-03-16,Uinta,Wyoming,56041.0,2094,12.0
2021-03-17,Uinta,Wyoming,56041.0,2101,12.0
2021-03-18,Uinta,Wyoming,56041.0,2101,12.0
2021-03-19,Uinta,Wyoming,56041.0,2103,12.0
2021-03-20,Uinta,Wyoming,56041.0,2103,12.0
2021-03-21,Uinta,Wyoming,56041.0,2103,12.0
2021-03-22,Uinta,Wyoming,56041.0,2109,12.0
2021-03-23,Uinta,Wyoming,56041.0,2111,12.0
2021-03-24,Uinta,Wyoming,56041.0,2113,12.0
2021-03-25,Uinta,Wyoming,56041.0,2115,12.0
2021-03-26,Uinta,Wyoming,56041.0,2119,12.0
2021-03-27,Uinta,Wyoming,56041.0,2119,12.0
2021-03-28,Uinta,Wyoming,56041.0,2119,12.0
2021-03-29,Uinta,Wyoming,56041.0,2123,12.0
2021-03-30,Uinta,Wyoming,56041.0,2125,12.0
2021-03-31,Uinta,Wyoming,56041.0,2128,12.0
2021-04-01,Uinta,Wyoming,56041.0,2134,12.0
2021-04-02,Uinta,Wyoming,56041.0,2139,12.0
2021-04-03,Uinta,Wyoming,56041.0,2139,12.0
2021-04-04,Uinta,Wyoming,56041.0,2139,12.0
2021-04-05,Uinta,Wyoming,56041.0,2134,12.0
2021-04-06,Uinta,Wyoming,56041.0,2135,12.0
2021-04-07,Uinta,Wyoming,56041.0,2140,12.0
2021-04-08,Uinta,Wyoming,56041.0,2140,12.0
2021-04-09,Uinta,Wyoming,56041.0,2142,12.0
2021-04-10,Uinta,Wyoming,56041.0,2142,12.0
2021-04-11,Uinta,Wyoming,56041.0,2142,12.0
2021-04-12,Uinta,Wyoming,56041.0,2145,12.0
2021-04-13,Uinta,Wyoming,56041.0,2153,12.0
2021-04-14,Uinta,Wyoming,56041.0,2153,12.0
2021-04-15,Uinta,Wyoming,56041.0,2155,12.0
2021-04-16,Uinta,Wyoming,56041.0,2155,12.0
2021-04-17,Uinta,Wyoming,56041.0,2155,12.0
2021-04-18,Uinta,Wyoming,56041.0,2155,12.0
2021-04-19,Uinta,Wyoming,56041.0,2150,12.0
2021-04-20,Uinta,Wyoming,56041.0,2155,12.0
2021-04-21,Uinta,Wyoming,56041.0,2154,12.0
2021-04-22,Uinta,Wyoming,56041.0,2157,12.0
2021-04-23,Uinta,Wyoming,56041.0,2158,12.0
2021-04-24,Uinta,Wyoming,56041.0,2158,12.0
2021-04-25,Uinta,Wyoming,56041.0,2158,12.0
2021-04-26,Uinta,Wyoming,56041.0,2165,12.0
2021-04-27,Uinta,Wyoming,56041.0,2173,12.0
2021-04-28,Uinta,Wyoming,56041.0,2180,12.0
2021-04-29,Uinta,Wyoming,56041.0,2181,12.0
2021-04-30,Uinta,Wyoming,56041.0,2183,12.0
2021-05-01,Uinta,Wyoming,56041.0,2183,12.0
2021-05-02,Uinta,Wyoming,56041.0,2183,12.0
2021-05-03,Uinta,Wyoming,56041.0,2195,12.0
2021-05-04,Uinta,Wyoming,56041.0,2204,13.0
2021-05-05,Uinta,Wyoming,56041.0,2209,13.0
2021-05-06,Uinta,Wyoming,56041.0,2211,13.0
2021-05-07,Uinta,Wyoming,56041.0,2217,13.0
2021-05-08,Uinta,Wyoming,56041.0,2217,13.0
2021-05-09,Uinta,Wyoming,56041.0,2217,13.0
2021-05-10,Uinta,Wyoming,56041.0,2229,13.0
2021-05-11,Uinta,Wyoming,56041.0,2232,13.0
2021-05-12,Uinta,Wyoming,56041.0,2234,13.0
2021-05-13,Uinta,Wyoming,56041.0,2237,13.0
2021-05-14,Uinta,Wyoming,56041.0,2239,13.0
2021-05-15,Uinta,Wyoming,56041.0,2239,13.0
2021-05-16,Uinta,Wyoming,56041.0,2239,13.0
2021-05-17,Uinta,Wyoming,56041.0,2244,13.0
2021-05-18,Uinta,Wyoming,56041.0,2249,13.0
2021-05-19,Uinta,Wyoming,56041.0,2250,13.0
2021-05-20,Uinta,Wyoming,56041.0,2251,13.0
2021-05-21,Uinta,Wyoming,56041.0,2246,13.0
2021-05-22,Uinta,Wyoming,56041.0,2246,13.0
2021-05-23,Uinta,Wyoming,56041.0,2246,13.0
2021-05-24,Uinta,Wyoming,56041.0,2252,13.0
2021-05-25,Uinta,Wyoming,56041.0,2261,13.0
2021-05-26,Uinta,Wyoming,56041.0,2263,13.0
2021-05-27,Uinta,Wyoming,56041.0,2264,13.0
2021-05-28,Uinta,Wyoming,56041.0,2266,13.0
2021-05-29,Uinta,Wyoming,56041.0,2266,13.0
2021-05-30,Uinta,Wyoming,56041.0,2266,13.0
2021-05-31,Uinta,Wyoming,56041.0,2266,13.0
2021-06-01,Uinta,Wyoming,56041.0,2272,13.0
2021-06-02,Uinta,Wyoming,56041.0,2279,13.0
2021-06-03,Uinta,Wyoming,56041.0,2287,13.0
2021-06-04,Uinta,Wyoming,56041.0,2289,13.0
2021-06-05,Uinta,Wyoming,56041.0,2289,13.0
2021-06-06,Uinta,Wyoming,56041.0,2289,13.0
2021-06-07,Uinta,Wyoming,56041.0,2290,13.0
2021-06-08,Uinta,Wyoming,56041.0,2292,13.0
2021-06-09,Uinta,Wyoming,56041.0,2293,13.0
2021-06-10,Uinta,Wyoming,56041.0,2296,13.0
2021-06-11,Uinta,Wyoming,56041.0,2298,13.0
2021-06-12,Uinta,Wyoming,56041.0,2298,13.0
2021-06-13,Uinta,Wyoming,56041.0,2298,13.0
2021-06-14,Uinta,Wyoming,56041.0,2301,13.0
2021-06-15,Uinta,Wyoming,56041.0,2302,13.0
2021-06-16,Uinta,Wyoming,56041.0,2302,13.0
2021-06-17,Uinta,Wyoming,56041.0,2301,13.0
2021-06-18,Uinta,Wyoming,56041.0,2302,13.0
2021-06-19,Uinta,Wyoming,56041.0,2302,13.0
2021-06-20,Uinta,Wyoming,56041.0,2302,13.0
2021-06-21,Uinta,Wyoming,56041.0,2305,13.0
2021-06-22,Uinta,Wyoming,56041.0,2308,13.0
2021-06-23,Uinta,Wyoming,56041.0,2304,13.0
2021-06-24,Uinta,Wyoming,56041.0,2305,13.0
2021-06-25,Uinta,Wyoming,56041.0,2315,13.0
2021-06-26,Uinta,Wyoming,56041.0,2315,13.0
2021-06-27,Uinta,Wyoming,56041.0,2315,13.0
2021-06-28,Uinta,Wyoming,56041.0,2318,13.0
2021-06-29,Uinta,Wyoming,56041.0,2319,13.0
2021-06-30,Uinta,Wyoming,56041.0,2320,13.0
2021-07-01,Uinta,Wyoming,56041.0,2320,13.0
2021-07-02,Uinta,Wyoming,56041.0,2321,13.0
2021-07-03,Uinta,Wyoming,56041.0,2321,13.0
2021-07-04,Uinta,Wyoming,56041.0,2321,13.0
2021-07-05,Uinta,Wyoming,56041.0,2321,13.0
2021-07-06,Uinta,Wyoming,56041.0,2325,13.0
2021-07-07,Uinta,Wyoming,56041.0,2327,13.0
2021-07-08,Uinta,Wyoming,56041.0,2328,13.0
2021-07-09,Uinta,Wyoming,56041.0,2329,13.0
2021-07-10,Uinta,Wyoming,56041.0,2329,13.0
2021-07-11,Uinta,Wyoming,56041.0,2329,13.0
2021-07-12,Uinta,Wyoming,56041.0,2329,13.0
2021-07-13,Uinta,Wyoming,56041.0,2330,13.0
2021-07-14,Uinta,Wyoming,56041.0,2332,13.0
2021-07-15,Uinta,Wyoming,56041.0,2333,13.0
2021-07-16,Uinta,Wyoming,56041.0,2335,13.0
2021-07-17,Uinta,Wyoming,56041.0,2335,13.0
2021-07-18,Uinta,Wyoming,56041.0,2335,13.0
2021-07-19,Uinta,Wyoming,56041.0,2339,13.0
2021-07-20,Uinta,Wyoming,56041.0,2351,13.0
2021-07-21,Uinta,Wyoming,56041.0,2361,13.0
2021-07-22,Uinta,Wyoming,56041.0,2368,13.0
2021-07-23,Uinta,Wyoming,56041.0,2372,13.0
2021-07-24,Uinta,Wyoming,56041.0,2372,13.0
2021-07-25,Uinta,Wyoming,56041.0,2372,13.0
2021-07-26,Uinta,Wyoming,56041.0,2382,13.0
2021-07-27,Uinta,Wyoming,56041.0,2384,14.0
2021-07-28,Uinta,Wyoming,56041.0,2384,14.0
2021-07-29,Uinta,Wyoming,56041.0,2401,14.0
2021-07-30,Uinta,Wyoming,56041.0,2414,14.0
2021-07-31,Uinta,Wyoming,56041.0,2414,14.0
2021-08-01,Uinta,Wyoming,56041.0,2414,14.0
2021-08-02,Uinta,Wyoming,56041.0,2430,14.0
2021-08-03,Uinta,Wyoming,56041.0,2445,14.0
2021-08-04,Uinta,Wyoming,56041.0,2464,14.0
2021-08-05,Uinta,Wyoming,56041.0,2482,14.0
2021-08-06,Uinta,Wyoming,56041.0,2498,14.0
2021-08-07,Uinta,Wyoming,56041.0,2498,14.0
2021-08-08,Uinta,Wyoming,56041.0,2498,14.0
2021-08-09,Uinta,Wyoming,56041.0,2511,14.0
2021-08-10,Uinta,Wyoming,56041.0,2538,14.0
2021-08-11,Uinta,Wyoming,56041.0,2543,14.0
2021-08-12,Uinta,Wyoming,56041.0,2559,14.0
2021-08-13,Uinta,Wyoming,56041.0,2593,14.0
2021-08-14,Uinta,Wyoming,56041.0,2593,14.0
2021-08-15,Uinta,Wyoming,56041.0,2593,14.0
2021-08-16,Uinta,Wyoming,56041.0,2615,14.0
2021-08-17,Uinta,Wyoming,56041.0,2636,14.0
2021-08-18,Uinta,Wyoming,56041.0,2686,14.0
2021-08-19,Uinta,Wyoming,56041.0,2708,14.0
2021-08-20,Uinta,Wyoming,56041.0,2734,14.0
2021-08-21,Uinta,Wyoming,56041.0,2734,14.0
2021-08-22,Uinta,Wyoming,56041.0,2734,14.0
2021-08-23,Uinta,Wyoming,56041.0,2773,14.0
2021-08-24,Uinta,Wyoming,56041.0,2810,14.0
2021-08-25,Uinta,Wyoming,56041.0,2841,14.0
2021-08-26,Uinta,Wyoming,56041.0,2873,14.0
2021-08-27,Uinta,Wyoming,56041.0,2914,14.0
2021-08-28,Uinta,Wyoming,56041.0,2914,14.0
2021-08-29,Uinta,Wyoming,56041.0,2914,14.0
2021-08-30,Uinta,Wyoming,56041.0,2949,14.0
2021-08-31,Uinta,Wyoming,56041.0,2971,15.0
2021-09-01,Uinta,Wyoming,56041.0,3000,15.0
2021-09-02,Uinta,Wyoming,56041.0,3035,15.0
2021-09-03,Uinta,Wyoming,56041.0,3053,15.0
2021-09-04,Uinta,Wyoming,56041.0,3053,15.0
2021-09-05,Uinta,Wyoming,56041.0,3053,15.0
2021-09-06,Uinta,Wyoming,56041.0,3053,15.0
2021-09-07,Uinta,Wyoming,56041.0,3086,16.0
2021-09-08,Uinta,Wyoming,56041.0,3141,16.0
2021-09-09,Uinta,Wyoming,56041.0,3168,16.0
2021-09-10,Uinta,Wyoming,56041.0,3204,16.0
2021-09-11,Uinta,Wyoming,56041.0,3204,16.0
2021-09-12,Uinta,Wyoming,56041.0,3204,16.0
2021-09-13,Uinta,Wyoming,56041.0,3226,16.0
2021-09-14,Uinta,Wyoming,56041.0,3248,21.0
2021-09-15,Uinta,Wyoming,56041.0,3269,21.0
2021-09-16,Uinta,Wyoming,56041.0,3303,21.0
2021-09-17,Uinta,Wyoming,56041.0,3326,21.0
2021-09-18,Uinta,Wyoming,56041.0,3326,21.0
2021-09-19,Uinta,Wyoming,56041.0,3326,21.0
2021-09-20,Uinta,Wyoming,56041.0,3350,21.0
2021-09-21,Uinta,Wyoming,56041.0,3371,23.0
2021-09-22,Uinta,Wyoming,56041.0,3393,23.0
2021-09-23,Uinta,Wyoming,56041.0,3407,23.0
2021-09-24,Uinta,Wyoming,56041.0,3422,23.0
2021-09-25,Uinta,Wyoming,56041.0,3422,23.0
2021-09-26,Uinta,Wyoming,56041.0,3422,23.0
2021-09-27,Uinta,Wyoming,56041.0,3473,23.0
2021-09-28,Uinta,Wyoming,56041.0,3484,25.0
2021-09-29,Uinta,Wyoming,56041.0,3496,25.0
2021-09-30,Uinta,Wyoming,56041.0,3520,25.0
2021-10-01,Uinta,Wyoming,56041.0,3550,25.0
2021-10-02,Uinta,Wyoming,56041.0,3550,25.0
2021-10-03,Uinta,Wyoming,56041.0,3550,25.0
2021-10-04,Uinta,Wyoming,56041.0,3578,25.0
2021-10-05,Uinta,Wyoming,56041.0,3602,26.0
2021-10-06,Uinta,Wyoming,56041.0,3628,26.0
2021-10-07,Uinta,Wyoming,56041.0,3642,26.0
2021-10-08,Uinta,Wyoming,56041.0,3660,26.0
2021-10-09,Uinta,Wyoming,56041.0,3660,26.0
2021-10-10,Uinta,Wyoming,56041.0,3660,26.0
2021-10-11,Uinta,Wyoming,56041.0,3674,26.0
2021-10-12,Uinta,Wyoming,56041.0,3689,26.0
2021-10-13,Uinta,Wyoming,56041.0,3702,26.0
2021-10-14,Uinta,Wyoming,56041.0,3705,26.0
2021-10-15,Uinta,Wyoming,56041.0,3711,26.0
2021-10-16,Uinta,Wyoming,56041.0,3711,26.0
2021-10-17,Uinta,Wyoming,56041.0,3711,26.0
2021-10-18,Uinta,Wyoming,56041.0,3719,26.0
2021-10-19,Uinta,Wyoming,56041.0,3733,26.0
2021-10-20,Uinta,Wyoming,56041.0,3744,26.0
2021-10-21,Uinta,Wyoming,56041.0,3756,26.0
2021-10-22,Uinta,Wyoming,56041.0,3781,26.0
2021-10-23,Uinta,Wyoming,56041.0,3781,26.0
2021-10-24,Uinta,Wyoming,56041.0,3781,26.0
2021-10-25,Uinta,Wyoming,56041.0,3794,26.0
2021-10-26,Uinta,Wyoming,56041.0,3805,26.0
2021-10-27,Uinta,Wyoming,56041.0,3814,26.0
2021-10-28,Uinta,Wyoming,56041.0,3817,26.0
2021-10-29,Uinta,Wyoming,56041.0,3829,26.0
2021-10-30,Uinta,Wyoming,56041.0,3829,26.0
2021-10-31,Uinta,Wyoming,56041.0,3829,26.0
2021-11-01,Uinta,Wyoming,56041.0,3843,26.0
2021-11-02,Uinta,Wyoming,56041.0,3853,27.0
2021-11-03,Uinta,Wyoming,56041.0,3871,27.0
2021-11-04,Uinta,Wyoming,56041.0,3880,27.0
2021-11-05,Uinta,Wyoming,56041.0,3901,27.0
2021-11-06,Uinta,Wyoming,56041.0,3901,27.0
2021-11-07,Uinta,Wyoming,56041.0,3901,27.0
2021-11-08,Uinta,Wyoming,56041.0,3914,27.0
2021-11-09,Uinta,Wyoming,56041.0,3925,29.0
2021-11-10,Uinta,Wyoming,56041.0,3933,29.0
2021-11-11,Uinta,Wyoming,56041.0,3933,29.0
2021-11-12,Uinta,Wyoming,56041.0,3950,29.0
2021-11-13,Uinta,Wyoming,56041.0,3950,29.0
2021-11-14,Uinta,Wyoming,56041.0,3950,29.0
2021-11-15,Uinta,Wyoming,56041.0,3965,29.0
2021-11-16,Uinta,Wyoming,56041.0,3975,30.0
2021-11-17,Uinta,Wyoming,56041.0,3985,30.0
2021-11-18,Uinta,Wyoming,56041.0,3996,30.0
2021-11-19,Uinta,Wyoming,56041.0,4005,30.0
2021-11-20,Uinta,Wyoming,56041.0,4005,30.0
2021-11-21,Uinta,Wyoming,56041.0,4005,30.0
2021-11-22,Uinta,Wyoming,56041.0,4006,30.0
2021-11-23,Uinta,Wyoming,56041.0,4011,30.0
2021-11-24,Uinta,Wyoming,56041.0,4024,30.0
2021-11-25,Uinta,Wyoming,56041.0,4024,30.0
2021-11-26,Uinta,Wyoming,56041.0,4024,30.0
2021-11-27,Uinta,Wyoming,56041.0,4024,30.0
2021-11-28,Uinta,Wyoming,56041.0,4024,30.0
2021-11-29,Uinta,Wyoming,56041.0,4033,30.0
2021-11-30,Uinta,Wyoming,56041.0,4047,31.0
2021-12-01,Uinta,Wyoming,56041.0,4055,31.0
2021-12-02,Uinta,Wyoming,56041.0,4064,31.0
2021-12-03,Uinta,Wyoming,56041.0,4069,31.0
2021-12-04,Uinta,Wyoming,56041.0,4069,31.0
2021-12-05,Uinta,Wyoming,56041.0,4069,31.0
2021-12-06,Uinta,Wyoming,56041.0,4073,31.0
2021-12-07,Uinta,Wyoming,56041.0,4076,31.0
2021-12-08,Uinta,Wyoming,56041.0,4080,31.0
2021-12-09,Uinta,Wyoming,56041.0,4084,31.0
2021-12-10,Uinta,Wyoming,56041.0,4091,31.0
2021-12-11,Uinta,Wyoming,56041.0,4091,31.0
2021-12-12,Uinta,Wyoming,56041.0,4091,31.0
2021-12-13,Uinta,Wyoming,56041.0,4094,31.0
2021-12-14,Uinta,Wyoming,56041.0,4101,31.0
2021-12-15,Uinta,Wyoming,56041.0,4110,31.0
2021-12-16,Uinta,Wyoming,56041.0,4110,31.0
2021-12-17,Uinta,Wyoming,56041.0,4113,31.0
2021-12-18,Uinta,Wyoming,56041.0,4113,31.0
2021-12-19,Uinta,Wyoming,56041.0,4113,31.0
2021-12-20,Uinta,Wyoming,56041.0,4115,31.0
2021-12-21,Uinta,Wyoming,56041.0,4121,31.0
2021-12-22,Uinta,Wyoming,56041.0,4126,31.0
2021-12-23,Uinta,Wyoming,56041.0,4130,31.0
2021-12-24,Uinta,Wyoming,56041.0,4130,31.0
2021-12-25,Uinta,Wyoming,56041.0,4130,31.0
2021-12-26,Uinta,Wyoming,56041.0,4130,31.0
2021-12-27,Uinta,Wyoming,56041.0,4141,31.0
2021-12-28,Uinta,Wyoming,56041.0,4145,31.0
2021-12-29,Uinta,Wyoming,56041.0,4152,31.0
2021-12-30,Uinta,Wyoming,56041.0,4154,31.0
2021-12-31,Uinta,Wyoming,56041.0,4154,31.0
2022-01-01,Uinta,Wyoming,56041.0,4154,31.0
2022-01-02,Uinta,Wyoming,56041.0,4154,31.0
2022-01-03,Uinta,Wyoming,56041.0,4173,31.0
2022-01-04,Uinta,Wyoming,56041.0,4191,34.0
2022-01-05,Uinta,Wyoming,56041.0,4220,34.0
2022-01-06,Uinta,Wyoming,56041.0,4245,34.0
2022-01-07,Uinta,Wyoming,56041.0,4264,34.0
2022-01-08,Uinta,Wyoming,56041.0,4264,34.0
2022-01-09,Uinta,Wyoming,56041.0,4264,34.0
2022-01-10,Uinta,Wyoming,56041.0,4316,34.0
2022-01-11,Uinta,Wyoming,56041.0,4367,34.0
2022-01-12,Uinta,Wyoming,56041.0,4422,34.0
2022-01-13,Uinta,Wyoming,56041.0,4448,34.0
2022-01-14,Uinta,Wyoming,56041.0,4522,34.0
2022-01-15,Uinta,Wyoming,56041.0,4522,34.0
2022-01-16,Uinta,Wyoming,56041.0,4522,34.0
2022-01-17,Uinta,Wyoming,56041.0,4522,34.0
2022-01-18,Uinta,Wyoming,56041.0,4660,34.0
2022-01-19,Uinta,Wyoming,56041.0,4751,34.0
2022-01-20,Uinta,Wyoming,56041.0,4827,34.0
2022-01-21,Uinta,Wyoming,56041.0,4927,34.0
2022-01-22,Uinta,Wyoming,56041.0,4927,34.0
2022-01-23,Uinta,Wyoming,56041.0,4927,34.0
2022-01-24,Uinta,Wyoming,56041.0,5034,34.0
2022-01-25,Uinta,Wyoming,56041.0,5081,34.0
2022-01-26,Uinta,Wyoming,56041.0,5167,34.0
2022-01-27,Uinta,Wyoming,56041.0,5222,34.0
2022-01-28,Uinta,Wyoming,56041.0,5273,34.0
2022-01-29,Uinta,Wyoming,56041.0,5273,34.0
2022-01-30,Uinta,Wyoming,56041.0,5273,34.0
2022-01-31,Uinta,Wyoming,56041.0,5335,34.0
2022-02-01,Uinta,Wyoming,56041.0,5378,35.0
2022-02-02,Uinta,Wyoming,56041.0,5434,35.0
2022-02-03,Uinta,Wyoming,56041.0,5481,35.0
2022-02-04,Uinta,Wyoming,56041.0,5497,35.0
2022-02-05,Uinta,Wyoming,56041.0,5497,35.0
2022-02-06,Uinta,Wyoming,56041.0,5497,35.0
2022-02-07,Uinta,Wyoming,56041.0,5523,35.0
2022-02-08,Uinta,Wyoming,56041.0,5539,36.0
2022-02-09,Uinta,Wyoming,56041.0,5553,36.0
2022-02-10,Uinta,Wyoming,56041.0,5564,36.0
2022-02-11,Uinta,Wyoming,56041.0,5569,36.0
2022-02-12,Uinta,Wyoming,56041.0,5569,36.0
2022-02-13,Uinta,Wyoming,56041.0,5569,36.0
2022-02-14,Uinta,Wyoming,56041.0,5575,36.0
2022-02-15,Uinta,Wyoming,56041.0,5584,36.0
2022-02-16,Uinta,Wyoming,56041.0,5593,36.0
2022-02-17,Uinta,Wyoming,56041.0,5598,36.0
2022-02-18,Uinta,Wyoming,56041.0,5599,36.0
2022-02-19,Uinta,Wyoming,56041.0,5599,36.0
2022-02-20,Uinta,Wyoming,56041.0,5599,36.0
2022-02-21,Uinta,Wyoming,56041.0,5599,36.0
2022-02-22,Uinta,Wyoming,56041.0,5611,36.0
2022-02-23,Uinta,Wyoming,56041.0,5608,36.0
2022-02-24,Uinta,Wyoming,56041.0,5612,36.0
2022-02-25,Uinta,Wyoming,56041.0,5616,36.0
2022-02-26,Uinta,Wyoming,56041.0,5616,36.0
2022-02-27,Uinta,Wyoming,56041.0,5616,36.0
2022-02-28,Uinta,Wyoming,56041.0,5623,36.0
2022-03-01,Uinta,Wyoming,56041.0,5627,37.0
2022-03-02,Uinta,Wyoming,56041.0,5627,37.0
2022-03-03,Uinta,Wyoming,56041.0,5624,37.0
2022-03-04,Uinta,Wyoming,56041.0,5627,37.0
2022-03-05,Uinta,Wyoming,56041.0,5627,37.0
2022-03-06,Uinta,Wyoming,56041.0,5627,37.0
2022-03-07,Uinta,Wyoming,56041.0,5625,37.0
2022-03-08,Uinta,Wyoming,56041.0,5629,37.0
2022-03-09,Uinta,Wyoming,56041.0,5628,37.0
2022-03-10,Uinta,Wyoming,56041.0,5628,37.0
2022-03-11,Uinta,Wyoming,56041.0,5633,37.0
2022-03-12,Uinta,Wyoming,56041.0,5633,37.0
2022-03-13,Uinta,Wyoming,56041.0,5633,37.0
2022-03-14,Uinta,Wyoming,56041.0,5633,37.0
2022-03-15,Uinta,Wyoming,56041.0,5637,39.0
2022-03-16,Uinta,Wyoming,56041.0,5637,39.0
2022-03-17,Uinta,Wyoming,56041.0,5637,39.0
2022-03-18,Uinta,Wyoming,56041.0,5635,39.0
2022-03-19,Uinta,Wyoming,56041.0,5635,39.0
2022-03-20,Uinta,Wyoming,56041.0,5635,39.0
2022-03-21,Uinta,Wyoming,56041.0,5635,39.0
2022-03-22,Uinta,Wyoming,56041.0,5633,39.0
2022-03-23,Uinta,Wyoming,56041.0,5633,39.0
2022-03-24,Uinta,Wyoming,56041.0,5633,39.0
2022-03-25,Uinta,Wyoming,56041.0,5632,39.0
2022-03-26,Uinta,Wyoming,56041.0,5632,39.0
2022-03-27,Uinta,Wyoming,56041.0,5632,39.0
2022-03-28,Uinta,Wyoming,56041.0,5632,39.0
2022-03-29,Uinta,Wyoming,56041.0,5636,39.0
2022-03-30,Uinta,Wyoming,56041.0,5636,39.0
2022-03-31,Uinta,Wyoming,56041.0,5636,39.0
2022-04-01,Uinta,Wyoming,56041.0,5638,39.0
2022-04-02,Uinta,Wyoming,56041.0,5638,39.0
2022-04-03,Uinta,Wyoming,56041.0,5638,39.0
2022-04-04,Uinta,Wyoming,56041.0,5638,39.0
2022-04-05,Uinta,Wyoming,56041.0,5642,39.0
2022-04-06,Uinta,Wyoming,56041.0,5642,39.0
2022-04-07,Uinta,Wyoming,56041.0,5642,39.0
2022-04-08,Uinta,Wyoming,56041.0,5634,39.0
2022-04-09,Uinta,Wyoming,56041.0,5634,39.0
