fips,cases,deaths
41001,750,12
41003,2582,18
41005,14304,200
41007,838,7
41009,1374,24
41011,1881,29
41013,811,18
41015,545,8
41017,6341,70
41019,2884,60
41021,54,1
41023,281,4
41025,289,6
41027,1084,29
41029,9224,121
41031,2012,31
41033,2789,59
41035,3003,56
41037,404,6
41039,10764,141
41041,1208,20
41043,3828,60
41045,3398,58
41047,19341,297
41049,1062,15
41051,33248,567
41053,3223,48
41055,53,0
41057,509,2
41059,7871,83
41061,1372,21
41063,149,5
41065,1243,27
41067,22334,223
41069,25,1
41071,3935,70
33001,3364,95
33003,1954,7
33005,3134,32
33007,1498,38
33009,3101,21
33011,31371,605
33013,8237,110
33015,20887,227
33017,8017,76
33019,1448,22
25001,12150,444
25003,5507,276
25005,59917,1637
25007,961,0
25009,89306,2295
25011,2215,107
25013,45841,1446
25015,8327,284
25017,122222,3645
25019,1317,2
25021,49961,1721
25023,44164,1379
25025,84646,1788
25027,70407,2151
17001,8078,144
17003,456,10
17005,1939,30
17007,6112,83
17009,680,12
17011,3421,92
17013,505,5
17015,1641,36
17017,1926,33
17019,19028,144
17021,3411,89
17023,1721,40
17025,1456,47
17027,5672,98
17029,5427,96
17031,497885,10220
17033,2063,40
17035,1266,31
17037,8837,122
17039,1326,30
17041,2517,41
17043,81889,1316
17045,1633,59
17047,541,13
17049,4576,82
17051,3097,57
17053,1640,54
17055,4264,82
17057,3300,58
17059,451,5
17061,1403,45
17063,5412,74
17065,805,18
17067,1701,40
17069,360,12
17071,519,23
17073,4507,89
17075,2846,65
17077,4742,73
17079,1131,19
17081,4070,119
17083,2558,67
17085,1682,25
17087,1372,20
17089,52886,797
17091,13011,200
17093,12009,99
17095,5135,166
17097,62242,1023
17099,11283,281
17101,2371,33
17103,3714,86
17105,4412,92
17107,3465,67
17109,2427,54
17111,25586,299
17113,15644,202
17115,9879,198
17117,4496,110
17119,29202,575
17121,4364,120
17123,919,19
17125,1349,42
17127,1307,40
17129,1138,13
17131,1320,33
17133,4202,90
17135,3595,77
17137,3776,101
17139,1530,33
17141,5416,87
17143,18709,289
17145,3113,68
17147,1390,20
17149,1734,53
17151,302,3
17153,674,7
17155,432,4
17157,4037,88
17159,1682,48
17161,13673,340
17163,29377,537
17165,2432,68
17167,16973,269
17169,687,17
17171,457,1
17173,2206,39
17175,554,23
17177,4279,98
17179,14468,278
17181,2226,43
17183,8877,139
17185,1333,15
17187,1687,48
17189,1613,31
17191,1708,51
17193,1652,35
09001,89598,2111
17195,6418,200
09003,75802,2345
17197,68489,1015
09005,12872,284
17199,7051,137
09007,11552,354
09009,80806,2000
17201,29299,482
09011,20674,423
17203,4066,74
09013,8614,178
09015,9881,187
50001,922,8
50003,1673,10
50005,706,5
50007,6136,97
50009,213,1
50011,1688,37
50013,171,2
50015,698,2
50017,550,3
50019,888,7
50021,1733,14
50023,1604,15
50025,1102,14
50027,1179,12
01001,6589,99
01003,20505,301
01005,2227,55
01007,2542,60
01009,6444,131
01011,1207,40
01013,2098,66
01015,14224,305
01017,3488,117
01019,1806,43
01021,4034,109
01023,584,24
01025,3478,59
01027,1481,54
01029,1452,41
01031,5384,110
01033,6170,126
01035,1086,26
01037,944,24
01039,4041,111
01041,1502,57
42001,8112,161
01043,9380,186
42003,85680,1814
01045,4760,109
42005,5170,120
01047,3515,148
42007,13214,357
01049,8697,179
42009,3952,130
01051,9953,202
42011,39895,930
01053,3861,74
42013,11151,313
01055,13647,343
42015,4794,83
01057,2063,59
42017,51005,1181
01059,4185,82
42019,15262,386
01061,2446,74
42021,12271,405
01063,904,34
42023,278,7
01065,2162,73
42025,5401,158
01067,1867,42
42027,14597,214
01069,10332,272
42029,34185,754
01071,6724,106
42031,2829,88
01073,74710,1464
42033,7200,128
01075,1384,33
42035,3097,58
01077,9140,219
42037,4942,128
01079,2926,94
42039,6675,143
01081,15417,166
42041,17957,497
01083,9744,145
42043,22353,520
01085,1362,53
42045,44791,1341
01087,1537,47
42047,2548,37
01089,33533,489
42049,18684,392
01091,2496,59
42051,11216,288
01093,3062,99
42053,1396,21
01095,11854,218
42055,13496,338
01097,37492,792
42057,1191,15
01099,1705,39
42059,2865,37
01101,23743,552
42061,4564,126
01103,14131,263
42063,5368,161
01105,1079,27
42065,2987,91
01107,2323,57
42067,1906,81
01109,3042,74
42069,15567,435
01111,1752,41
42071,47817,1077
01113,4230,36
42073,6612,194
01115,9350,232
42075,13841,264
01117,23048,232
42077,34045,806
01119,1025,32
42079,27080,763
01121,7987,167
42081,10213,262
01123,3847,144
42083,3177,65
01125,25059,434
42085,8538,248
01127,7058,274
42087,4797,175
01129,1639,38
42089,11446,289
01131,1249,26
42091,59801,1610
01133,2717,71
42093,1837,60
42095,30460,678
42097,8557,335
42099,3207,89
42101,130405,3282
42103,3156,51
42105,981,22
42107,12846,383
42109,3287,82
42111,6970,189
42113,342,20
42115,1999,54
42117,2616,98
42119,5412,85
42121,3534,90
42123,2280,99
42125,15114,275
42127,3373,71
42129,29178,705
42131,1415,44
42133,39481,749
34001,28200,616
34003,91488,2733
34005,39852,791
34007,48722,1222
34009,8248,193
34011,15351,405
34013,84985,2790
34015,26928,578
34017,79682,2123
34019,8331,169
34021,30848,909
34023,83332,2202
34025,67982,1498
34027,44885,1172
34029,68375,1998
34031,64455,1786
34033,5242,169
34035,26720,806
34037,11528,283
34039,64169,1859
34041,8437,228
26001,478,25
26003,601,5
26005,8273,118
26007,1609,49
26009,1204,20
26011,802,27
26013,798,34
26015,4236,52
26017,8303,307
26019,1007,32
26021,12856,251
26023,4855,112
26025,11166,246
26027,4592,68
26029,1188,13
26031,1275,38
26033,5151,46
26035,1740,69
26037,5940,75
26039,729,6
26041,3306,86
26043,2447,71
26045,7583,161
26047,1727,39
26049,30311,779
26051,1622,43
26053,1331,49
26055,4981,77
26057,5878,109
26059,3664,79
26061,2828,41
26063,2991,62
26065,19426,301
26067,7566,79
26069,1404,67
26071,941,51
26073,4436,77
26075,16671,263
26077,17290,328
26079,781,16
26081,56571,741
26083,156,2
26085,432,12
26087,6963,143
26089,989,16
26091,8459,137
26093,12354,154
26095,1115,2
26097,488,3
26099,73016,2030
26101,1637,23
26103,5088,57
26105,1390,27
26107,2262,22
26109,1930,41
26111,5582,69
26113,1100,20
26115,11584,212
26117,6086,97
26119,399,18
26121,13376,318
26123,3351,54
26125,87871,2060
26127,2023,51
26129,1188,34
26131,431,21
26133,1310,24
26135,461,20
26137,1636,28
26139,24830,364
26141,752,28
26143,1511,39
26145,17356,542
26147,12103,278
26149,5156,91
26151,2971,84
26153,290,5
26155,4465,84
26157,4009,141
26159,5566,99
26161,21491,259
26163,119044,4258
54047,1412,22
26165,2045,25
18001,3399,52
18003,37837,684
18005,7725,156
18007,939,14
18009,1312,29
18011,6385,103
18013,972,40
18015,1815,22
18017,5622,103
18019,12442,195
18021,2472,44
18023,4069,58
18025,960,14
18027,2878,100
18029,5603,76
18031,2814,96
18033,3979,84
18035,10126,188
18037,6032,116
18039,26416,443
18041,2890,61
18043,7431,180
18045,2061,45
18047,1649,36
18049,1866,39
18051,4207,90
18053,7057,173
18055,2680,89
18057,33490,422
18059,7714,140
18061,4213,71
18063,16416,327
18065,5530,101
18067,9434,213
18069,3675,81
18071,4802,68
18073,3329,48
18075,1839,30
18077,3013,78
18079,2229,48
18081,17111,385
18083,3607,88
18085,8862,116
18087,2472,72
18089,50057,957
18091,10269,205
18093,4264,120
18095,12096,353
18097,93789,1759
18099,5616,108
18101,819,15
18103,3686,66
18105,10912,168
18107,4085,87
18109,6295,140
18111,1005,35
18113,5255,83
18115,548,11
18117,1741,55
18119,1885,58
18121,1440,16
18123,1785,37
18125,1290,34
18127,16621,303
18129,2660,33
18131,1110,45
18133,3482,60
18135,2349,80
18137,3308,66
18139,1741,24
18141,32242,545
18143,2569,55
18145,5666,105
18147,2257,31
18149,1953,54
18151,3516,59
18153,2066,41
18155,766,8
18157,20913,213
18159,1584,45
18161,718,11
18163,21762,395
18165,1641,43
18167,11995,246
18169,3424,77
18171,777,16
18173,7597,158
18175,2226,29
18177,7173,200
18179,2797,81
18181,3028,55
18183,3646,40
10001,15527,323
10003,55327,778
10005,23744,458
51001,2709,39
51003,5275,77
51005,1272,49
51007,820,29
51009,2788,36
51011,1478,23
51013,14227,246
51015,5398,70
51017,251,12
51019,6082,98
51021,641,10
51023,2411,34
51025,1256,20
51027,1355,38
51029,2070,29
51031,4207,81
51033,2010,32
51035,2270,67
51036,451,15
51037,797,17
51041,25404,396
51043,889,19
51045,272,6
51047,4290,56
51049,418,9
51051,910,15
51053,1975,42
51057,705,8
51059,71411,1040
51061,4273,62
51063,795,20
51065,1579,17
51067,3843,72
51069,7233,96
51071,1156,18
51073,2056,46
51075,1315,21
51077,1221,34
51079,1132,15
51081,1525,25
51083,2672,73
51085,7332,147
51087,23156,571
51089,4387,122
51091,107,1
51093,2919,61
51095,4254,71
51097,356,8
51099,1522,18
51101,1076,11
51103,683,16
51105,2363,45
51107,25251,269
51109,1791,28
51111,721,10
51113,563,15
51115,577,12
51117,2150,62
51119,554,18
51121,8780,91
51125,864,12
51127,1385,14
51131,757,35
51133,711,21
51135,1865,46
51137,2005,35
51139,1907,57
51141,1279,41
51143,5304,75
51145,1772,11
51147,2006,33
51149,3238,24
51153,41934,472
51155,2456,61
51157,320,2
51159,1441,12
51161,7776,135
51163,1446,44
02013,363,2
51165,6347,104
51167,2158,36
02016,650,0
51169,1694,51
51171,3889,128
02020,28190,161
51173,2628,91
51175,1913,53
51177,8845,108
51179,10150,70
51181,405,9
51183,1135,21
51185,3386,64
51187,2559,52
51191,4482,102
51193,1194,22
51195,2984,93
51197,2313,74
51199,3439,50
02050,3765,20
02068,87,0
02070,207,1
46003,459,15
46005,2869,40
02090,6568,32
46007,386,9
02100,26,0
46009,1514,26
02110,1264,3
46011,3837,37
02122,4092,19
46013,5304,91
02130,375,2
46015,701,9
46017,423,13
02150,1071,5
02158,1219,3
46019,1009,20
46021,131,4
02170,9912,35
46023,1347,21
02180,337,0
02185,1042,4
02188,597,2
46025,417,5
02195,146,0
02198,78,1
46027,1871,15
46029,4209,80
46031,476,12
02220,323,0
46033,781,12
02230,19,0
35001,54726,901
35003,84,5
35005,8971,164
35006,3462,106
35007,873,47
02240,606,3
35009,5037,72
46035,3115,67
35011,134,1
35013,24089,421
35015,6666,122
46037,684,29
35017,1618,35
35019,628,9
35021,9,0
35023,353,9
35025,8958,159
46039,494,8
35027,1590,18
35028,501,6
02261,553,2
35029,3232,84
35031,12141,456
35033,168,6
35035,4720,72
46041,1440,26
35037,428,8
35039,3471,73
35041,1866,53
02275,30,0
35043,11386,220
35045,13745,462
46043,446,9
35047,1315,14
35049,10078,142
35051,713,45
35053,1244,56
35055,1613,50
46045,493,13
35057,728,12
02290,348,4
35059,412,9
35061,6696,102
46047,564,15
46049,364,13
46051,1009,42
46053,572,30
46055,260,10
46057,745,38
51510,10940,130
46059,356,6
51520,1282,31
46061,376,4
51530,867,19
46063,92,1
51540,3834,53
46065,2368,37
51550,19503,272
46067,839,26
46069,140,1
51570,1525,57
46071,284,14
27001,1217,36
27003,35529,407
51580,569,12
27005,3287,48
46073,275,16
27007,3554,54
27009,4929,95
27011,543,4
27013,6530,39
51590,4452,123
27015,2761,39
46075,93,0
27017,3145,51
27019,8821,41
51595,653,42
27021,2312,26
27023,1420,36
51600,522,18
27025,5219,48
46077,734,14
27027,7356,89
27029,742,14
27031,139,0
27033,1454,20
51610,391,10
27035,5540,85
46079,1298,18
27037,39331,409
27039,1621,4
27041,4157,70
27043,1379,18
51620,1061,28
27045,1482,9
46081,2887,45
27047,3080,27
27049,4174,70
27051,517,8
27053,108017,1646
51630,1879,22
27055,1613,14
27057,1637,41
27059,3348,58
27061,3420,51
27063,1039,10
51640,1034,51
27065,1192,21
27067,6050,79
27069,426,22
27071,685,11
27073,718,21
51650,9523,157
27075,769,19
46087,784,24
27077,253,2
27079,2545,22
27081,535,2
27083,3295,47
51660,6166,95
27085,3647,54
27087,468,7
27089,825,16
27091,2031,29
27093,2188,37
51670,2348,64
27095,2531,47
27097,3643,55
27099,4366,31
27101,981,8
51678,1153,31
27103,2840,42
51680,7196,144
27105,3923,47
27107,495,9
51683,4159,45
27109,12344,94
51685,1169,12
27111,5141,71
27113,1476,18
51690,1553,73
27115,2975,20
27117,1051,25
27119,3531,66
27121,924,6
27123,45179,840
51700,12687,208
27125,373,5
27127,1556,34
27129,1615,43
27131,7131,98
27133,1193,18
51710,16133,235
27135,1869,18
27137,15802,289
27139,14697,112
27141,9582,78
27143,1272,10
51720,251,6
27145,19867,209
27147,3345,11
27149,775,10
27151,944,18
27153,2597,30
51730,3509,77
27155,345,5
27157,1947,3
27159,1369,20
51735,805,16
27161,2211,20
27163,23368,272
51740,8338,171
27165,1219,9
27167,730,12
27169,4301,49
27171,13558,122
27173,1041,18
51750,2010,18
51760,15773,243
19001,837,32
51770,7985,179
19003,320,4
19005,1485,49
19007,1254,47
51775,1986,44
19009,488,9
19011,2477,54
19013,15294,301
19015,2520,31
19017,2762,57
19019,1843,31
19021,4187,39
51790,2527,69
19023,1611,33
19025,1324,11
19027,2736,49
19029,1331,54
19031,1790,23
51800,7391,176
19033,5114,85
19035,1545,37
19037,1212,15
19039,975,23
19041,2023,25
51810,33166,362
19043,1627,55
19045,5204,87
19047,2592,37
19049,10688,95
19051,787,24
51820,2251,34
19053,583,9
19055,1951,40
19057,4351,64
19059,2262,41
19061,12751,201
51830,684,12
19063,1228,40
19065,1821,39
19067,1525,41
19069,1115,21
19071,589,10
51840,2657,41
19073,753,10
19075,1339,31
19077,1153,28
19079,1760,46
19081,1407,33
19083,1761,40
19085,1709,71
19087,2838,37
19089,1022,22
19091,1175,26
19093,876,32
19095,1438,23
19097,2150,42
19099,4033,69
19101,1300,35
19103,13561,79
19105,2897,55
19107,936,30
19109,2076,58
19111,3637,55
19113,19911,325
19115,1247,48
19117,746,22
19119,1507,41
19121,1505,19
19123,2197,49
19125,3509,74
19127,4738,74
19129,1552,20
19131,1246,41
19133,795,30
19135,917,28
19137,983,36
19139,4449,96
19141,1929,58
19143,717,16
19145,1858,19
19147,1073,22
19149,3853,79
19151,830,19
19153,54567,581
19155,10321,154
19157,1512,32
19159,529,22
19161,1239,19
19163,18063,226
19165,1241,34
19167,4960,69
19169,10074,46
19171,2051,68
19173,643,12
19175,1223,32
19177,547,18
19179,4219,116
19181,5388,80
19183,2447,49
19185,515,23
19187,5041,89
19189,1340,31
19191,1895,32
19193,14544,217
11001,44513,1064
19195,679,8
19197,1769,35
02997,184,0
02998,69,1
44001,4591,140
44003,16664,344
44005,5785,40
44007,88787,1909
44009,9102,166
36001,22613,340
36003,3029,82
36007,16576,343
36009,4813,79
36011,5615,90
36013,7927,130
36015,6836,131
36017,2818,72
36019,4187,30
36021,3690,98
36023,3406,60
36025,1913,34
36027,26044,425
36029,73990,1654
36031,1447,26
36033,2301,12
36035,3768,85
36037,4786,121
36039,2962,73
36041,294,2
36043,4772,107
36045,5216,63
36049,2321,33
36051,3799,58
36053,4105,85
36055,56689,1020
36057,3585,112
36059,167557,3051
36063,16540,329
36065,20828,494
36067,34235,654
36069,6333,90
36071,43246,672
36073,2591,83
36075,6608,89
36077,2911,46
36079,9527,90
36083,10004,133
36087,43585,719
36089,5928,94
36091,13389,155
36093,11822,187
36095,1411,14
36097,929,12
36099,1788,56
36101,5928,140
36103,182442,3250
36105,5535,64
36107,3128,57
36109,3894,49
36111,11979,238
36113,3180,55
36115,2676,55
36117,4842,66
36119,119731,2198
36121,3069,50
36123,1058,26
28001,2429,82
28003,2956,63
28005,1181,38
28007,2128,73
28009,964,25
28011,4755,127
28013,1623,30
28015,1205,25
28017,2033,56
28019,723,17
28021,1011,30
28023,1749,75
28025,1817,54
28027,2881,76
28029,2903,62
28031,2533,80
28033,20531,247
28035,7479,144
28037,806,22
28039,2367,46
28041,1293,33
28043,2529,80
28045,3676,84
28047,17356,299
28049,19684,404
28051,1852,71
28053,942,32
28055,168,6
28057,2952,76
28059,13028,241
28061,2192,47
28063,643,28
28065,1042,32
28067,8247,158
28069,944,25
28071,5938,116
28073,6053,84
28075,7064,234
28077,1251,23
28079,2595,73
28081,9808,169
28083,3460,124
28085,3848,107
28087,6228,144
28089,9816,208
28091,2640,79
28093,4228,99
28095,4047,131
28097,1250,41
28099,3954,175
28101,2425,57
28103,1252,31
28105,4520,97
28107,4418,103
28109,4380,137
28111,1245,38
28113,3145,101
28115,4152,72
28117,2743,59
28119,786,16
28121,13220,274
28123,3070,72
28125,494,17
28127,2855,84
28129,1572,34
28131,1771,30
28133,3271,88
28135,1743,40
28137,3194,80
28139,2830,68
28141,2209,67
28143,1019,25
28145,4008,74
28147,1295,42
28149,4248,117
69110,157,2
28151,5264,132
28153,2607,41
28155,1133,32
28157,639,27
28159,2253,80
69120,2,0
28161,1559,36
28163,3027,67
20001,1213,1
20003,829,0
20005,1569,13
20007,369,2
20009,2597,21
20011,1333,3
20013,1232,32
20015,7380,83
20017,287,3
20019,265,3
20021,2414,16
20023,358,10
20025,247,4
20027,826,27
20029,973,2
20031,723,14
20033,170,9
20035,3895,9
20037,4638,84
20039,264,12
20041,1709,37
20043,959,7
20045,8922,84
20047,262,0
20049,179,0
20051,3721,61
20053,1215,4
20055,6015,49
20057,5684,10
20059,2495,40
20061,3166,26
20063,385,22
20065,262,2
20067,972,17
20069,606,14
20071,108,0
20073,589,8
20075,202,0
20077,624,17
20079,3547,65
20081,418,1
20083,210,7
20085,1381,15
20087,1669,32
20089,209,3
20091,56159,646
20093,561,9
20095,741,11
20097,266,5
20099,2722,49
20101,143,5
20103,7051,55
20105,257,4
20107,834,12
20109,295,0
20111,4209,83
20113,3250,85
20115,1045,24
20117,1079,23
20119,505,11
20121,2669,41
20123,561,0
20125,3395,6
20127,609,21
20129,255,9
20131,1510,51
20133,1771,22
20135,369,16
20137,1218,27
20139,1207,11
20141,288,0
20143,549,0
20145,1144,14
20147,712,19
20149,1852,28
20151,812,25
20153,360,7
20155,8350,139
20157,680,15
20159,1064,1
20161,6315,36
20163,656,10
20165,431,0
20167,854,23
20169,6086,108
20171,617,21
20173,54799,578
20175,3933,33
20177,16896,351
20179,432,0
20181,619,7
20183,271,2
20185,351,9
20187,184,2
20189,583,7
20191,2107,27
20193,1135,19
12001,23378,259
20195,407,3
12003,3360,62
20197,676,14
12005,19476,375
20199,177,0
12007,2921,54
20201,531,9
12009,37190,808
20203,216,0
12011,214599,2656
20205,986,14
12013,1658,46
20207,210,0
12015,11556,392
20209,19663,286
12017,10314,429
12019,17368,329
12021,32516,498
12023,7846,162
12027,4076,87
12029,1553,23
12031,92562,1304
12033,34845,664
12035,6685,96
12037,1295,17
12039,5536,92
12041,1488,38
53001,1994,22
12043,925,19
53003,1333,28
12045,1916,42
53005,15677,210
12047,1589,23
53007,6520,64
12049,2903,38
53009,1035,8
12051,4466,77
53011,20221,247
12053,12385,443
53013,117,5
12055,7655,321
53015,4864,76
12057,121553,1614
53017,3447,23
12059,2212,47
53019,222,4
12061,11729,282
53021,11588,105
12063,6060,155
53023,120,5
12065,1432,24
53025,9384,114
12067,1606,25
53027,3546,57
12069,26679,606
53029,1485,28
12071,62712,915
53031,349,2
12073,30306,309
53033,90694,1467
12075,3094,43
53035,6401,92
12077,1055,17
53037,2507,30
12079,2032,44
53039,680,9
12081,34769,635
53041,3952,53
12083,29044,919
53043,361,6
12085,11371,302
12086,445463,5855
12087,6428,48
53045,2444,27
12089,7976,122
53047,2283,36
12091,19748,351
53049,787,10
12093,3749,85
53051,676,7
12095,123682,1185
53053,42520,606
12097,39604,485
53055,132,0
12099,131579,2649
53057,4722,65
12101,36391,692
53059,265,1
12103,72243,1561
53061,32600,558
12105,61175,1254
53063,39044,612
12107,6051,135
53065,1770,27
12109,21337,204
53067,7832,83
12111,23985,587
53069,102,0
12113,17744,278
53071,4860,64
12115,29359,787
53073,7531,87
12117,30052,466
53075,3865,46
12119,8790,258
53077,28980,428
12121,5215,135
12123,2695,45
12125,1774,71
12127,38265,717
12129,3248,55
12131,7315,83
12133,2673,50
04001,10959,413
04003,11600,280
04005,17076,324
04007,6546,219
04009,5365,77
04011,564,10
04012,2453,77
04013,524386,9673
04015,22122,687
04017,15765,521
04019,112677,2351
04021,49475,852
04023,7818,173
04025,18334,489
04027,36752,822
45001,2427,37
45003,16495,215
45005,892,15
45007,21724,496
45009,1507,51
45011,2476,53
45013,16253,198
45015,16220,183
45017,1275,36
45019,40599,480
45021,5748,147
45023,3963,70
45025,4569,99
45027,3302,105
45029,3392,122
45031,8134,172
45033,4232,81
45035,16333,206
45037,2966,41
45039,2272,78
45041,17185,397
45043,6477,137
45045,69416,947
45047,7635,166
45049,1834,47
45051,36928,555
45053,2231,43
45055,7058,133
45057,10100,157
45059,6725,164
45061,1828,59
45063,31595,465
45065,993,27
45067,3423,101
45069,3126,51
45071,4668,95
45073,8933,132
45075,9315,234
45077,17503,279
45079,43883,527
45081,1706,48
45083,38783,764
45085,10082,195
45087,2879,84
45089,3926,95
45091,28620,363
37001,16846,240
37003,4145,82
37005,944,5
37007,2425,55
37009,1970,40
37011,1995,20
37013,4467,89
37015,1697,43
37017,3107,41
37019,8567,143
37021,16432,312
37023,9540,146
37025,19748,241
37027,8954,101
37029,620,5
37031,4740,45
37033,2067,27
37035,18218,291
37037,4371,86
37039,2263,20
37041,1395,22
37043,683,18
37045,10880,219
37047,6121,149
37049,8884,119
78010,1261,10
37051,25853,292
37053,1461,15
37055,1988,8
37057,15345,178
37059,3794,36
78020,228,1
37061,5966,128
37063,23768,219
37065,5032,102
37067,33358,361
37069,5998,47
78030,1418,15
37071,24872,401
37073,704,12
37075,571,12
37077,5562,79
37079,2190,42
37081,42862,617
37083,5202,104
37085,10508,163
37087,4038,91
37089,9508,153
37091,2001,63
37093,4357,55
37095,630,8
37097,17451,203
37099,3485,55
37101,19365,209
37103,783,16
37105,5687,74
37107,5651,109
37109,9303,80
37111,5034,63
37113,2706,31
37115,1457,40
37117,2148,38
37119,102725,913
37121,1310,16
37123,3204,91
37125,8395,182
37127,10541,174
37129,17596,161
37131,1790,39
37133,15367,140
37135,8077,100
37137,1051,11
37139,3188,79
37141,5023,69
37143,941,9
37145,3213,67
37147,18192,86
37149,1409,27
37151,14227,215
37153,4363,92
37155,15699,224
37157,7098,81
37159,15684,297
37161,6955,204
37163,7394,99
37165,3573,80
37167,7293,112
37169,3772,78
37171,7665,155
37173,1195,16
37175,2067,28
37177,308,6
37179,22381,209
37181,4645,85
37183,81222,684
37185,1693,19
37187,1019,31
37189,4276,30
37191,10557,234
29001,2399,20
37193,6297,105
29003,1865,18
37195,9030,158
29005,442,6
37197,3800,47
29007,2763,58
37199,1509,27
29009,2889,45
29011,1165,14
29013,1312,27
29015,1660,29
29017,1127,12
29019,17896,86
29021,10233,179
29023,4139,39
29025,767,12
29027,4899,47
29029,4006,85
29031,9373,133
29033,1059,23
29035,548,9
29037,8946,99
29039,1091,20
29041,667,6
29043,8677,88
29045,673,7
29047,9958,159
29049,2036,65
29051,9031,121
29053,1905,28
29055,2494,35
29057,711,31
29059,1253,26
29061,735,11
29063,1148,30
29065,913,17
29067,900,27
29069,2751,19
29071,10397,177
29073,1565,43
29075,837,21
29077,28354,451
29079,1010,34
29081,925,14
29083,2010,38
29085,646,14
29087,424,11
29089,1061,7
29091,3482,43
29093,903,6
29095,37221,407
29097,9367,126
29099,22099,234
29101,4922,49
29103,383,2
29105,3254,68
29107,3075,57
29109,3407,79
29111,1038,12
29113,5556,39
29115,1209,12
29117,1724,39
29119,2553,33
29121,1553,15
29123,1615,16
29125,627,8
29127,3603,43
29129,304,2
29131,2509,53
29133,1435,27
29135,1772,31
29137,1014,11
29139,1028,10
29141,1707,42
29143,2100,45
29145,5243,74
29147,2653,26
29149,849,3
29151,1625,14
29153,677,17
29155,1546,29
29157,2161,29
29159,5068,78
29161,3719,127
29163,1791,23
29165,4056,45
29167,3300,40
29169,3450,51
29171,296,4
29173,1052,12
29175,2651,30
29177,1941,27
29179,466,4
29181,1052,15
29183,44907,475
29185,790,8
29186,1804,16
29187,8780,110
29189,92739,2099
21001,1777,53
21003,1927,32
29195,2884,39
21005,1684,18
29197,330,5
21007,376,8
29199,308,3
21009,4244,85
29201,4704,83
21011,821,20
29203,592,12
21013,2944,49
29205,577,7
21015,13691,120
29207,2488,37
21017,1619,14
29209,2366,40
21019,4773,68
29211,858,14
21021,3279,65
29213,5180,91
21023,542,7
29215,1823,22
21025,976,8
29217,1943,42
21027,1144,13
29219,3016,30
21029,6805,70
29221,2723,49
21031,1412,24
29223,1032,11
21033,1546,29
29225,3513,53
21035,3442,47
29227,164,2
21037,8504,75
29229,1555,29
21039,452,8
21041,965,17
21043,2152,31
21045,1326,34
21047,6587,98
21049,2622,28
21051,2581,36
21053,1440,29
21055,593,19
21057,677,9
21059,10174,175
21061,929,21
21063,943,2
21065,1037,11
21067,34153,282
21069,1119,20
21071,3186,60
21073,3868,44
21075,493,14
21077,683,25
21079,1461,31
21081,2333,16
21083,4046,90
21085,2052,51
21087,1185,15
21089,3436,50
21091,837,16
21093,9277,143
21095,2555,78
21097,1603,21
21099,1910,45
21101,4495,71
21103,1293,10
21105,345,10
21107,4222,138
21109,1273,31
21111,77649,1091
21113,4375,60
21115,1855,30
21117,16214,180
21119,1117,22
21121,3248,31
21123,1275,25
21125,6286,56
21127,1342,20
21129,1248,22
21131,863,6
21133,1774,40
21135,1134,31
21137,2188,45
21139,788,20
21141,2644,61
21143,1583,19
21145,6161,116
21147,1903,30
21149,856,27
21151,9003,107
21153,894,14
21155,2211,35
21157,2653,54
21159,985,20
21161,1509,33
21163,1937,22
21165,419,15
21167,2457,45
21169,995,25
21171,1279,40
21173,2430,31
21175,2108,3
21177,2856,57
21179,4740,50
21181,496,8
21183,2438,53
21185,7310,80
21187,642,12
21189,481,12
21191,989,3
21193,2524,61
13001,2262,68
21195,5358,83
13003,999,19
21197,1081,8
13005,1612,36
21199,6088,93
13007,224,9
21201,199,14
13009,4422,123
21203,1417,18
13011,1773,35
21205,2098,17
13013,9479,127
21207,1805,42
13015,14053,214
21209,4633,32
13017,2076,76
21211,4481,68
13019,1792,41
21213,1901,34
13021,15408,420
21215,1555,17
13023,1452,50
21217,2945,41
13025,1571,34
21219,1036,24
13027,1366,47
21221,1161,14
13029,3461,36
21223,649,7
13031,6632,109
21225,1300,15
13033,2476,57
21227,15159,161
13035,2870,78
21229,1395,36
13037,584,15
21231,2168,44
13039,3838,33
21233,1194,19
54001,1313,24
21235,4572,47
13043,934,64
21237,465,5
13045,10965,227
21239,2074,18
13047,5995,67
13049,1343,30
54003,10686,118
13051,22178,417
54005,1744,38
13053,3479,14
54007,838,2
13055,2724,68
54009,2063,61
13057,29744,298
54011,8406,175
13059,14615,135
54013,243,0
13061,234,3
54015,394,9
13063,24791,429
54017,515,7
13065,939,26
54019,2994,74
13067,74392,988
54021,730,8
13069,5270,165
54023,1169,27
13071,4625,113
54025,2500,62
13073,16252,195
54027,1616,32
13075,1777,40
54029,2631,96
13077,13577,192
54031,1394,24
13079,652,17
54033,5156,78
13081,2024,73
54035,1778,57
13083,1381,11
54037,4051,47
13085,2950,39
54039,13095,335
13087,2849,67
54041,1103,20
13089,61688,937
54043,1357,20
13091,2101,101
54045,2943,86
13093,1059,43
54049,3934,48
13095,7262,291
54051,3175,73
13097,14304,202
54053,1872,41
13099,1157,46
54055,4389,123
13101,466,9
54057,2646,81
13103,4408,65
54059,2309,36
13105,2270,66
54061,8655,85
13107,2515,79
54063,1017,15
13109,939,28
54065,1017,16
13111,2290,64
54067,1381,15
13113,8546,156
54069,3842,78
13115,11699,209
54071,666,7
13117,21558,173
54073,819,18
13119,2618,48
54075,616,10
13121,91931,1269
54077,2720,47
13123,2873,81
54079,4544,92
13125,264,18
29510,22608,477
13127,7830,167
54081,5533,70
13129,7974,108
54083,2465,13
13131,2065,57
54085,640,11
13133,1779,58
54087,603,8
13135,96926,1064
54089,728,23
13137,5097,151
54091,1152,22
13139,26518,439
54093,517,10
13141,903,61
54095,657,9
13143,2542,79
54097,1782,33
13145,2471,53
54099,2750,36
13147,2329,50
54101,447,7
13149,831,18
54103,1169,26
13151,23724,297
54105,368,3
13153,14072,242
54107,7446,164
13155,908,28
54109,1827,38
13157,9539,142
13159,1375,38
13161,1842,46
13163,1899,63
13165,836,42
13167,1102,48
13169,1957,56
13171,1958,54
13173,759,13
13175,5470,164
13177,2688,56
13179,3623,60
13181,781,26
13183,858,12
13185,12211,196
13187,2874,67
13189,2379,44
13191,817,16
05001,2076,36
13193,832,27
05003,1901,33
13195,3163,54
05005,3070,100
13197,544,19
05007,28151,406
13199,1919,77
05009,3742,79
13201,830,12
05011,1356,32
05013,409,3
13205,2010,79
05015,2749,44
13207,2559,98
05017,1610,39
13209,870,21
05019,2081,40
13211,2170,28
05021,1723,50
13213,4698,78
05023,1945,72
13215,15482,416
05025,938,25
13217,10364,223
05027,2321,55
13219,3897,69
05029,2189,32
13221,1448,28
05031,13081,174
13223,15834,201
05033,6978,115
13225,2546,52
05035,5869,95
13227,3290,74
05037,1919,49
13229,2376,55
05039,756,15
13231,2166,36
05041,1357,24
13233,5503,88
05043,1984,39
13235,912,43
05045,12195,157
13237,2123,54
05047,1676,39
13239,162,2
05049,1100,47
13241,1631,47
05051,10030,255
13243,619,33
05053,1635,32
13245,23543,472
05055,6009,75
13247,7208,162
05057,1980,19
13249,339,4
05059,4998,70
13251,941,28
05061,1641,24
13253,927,18
05063,3715,120
13255,5937,180
05065,1660,41
13257,3066,77
05067,3207,38
13259,881,23
05069,8742,163
13261,2511,97
05071,2879,37
13263,467,17
05073,541,9
13265,121,3
05075,2069,43
13267,2271,62
05077,1656,34
13269,782,25
05079,3178,48
13271,1270,54
05081,1222,40
13273,788,45
05083,2206,22
13275,4321,121
05085,7049,116
13277,4793,123
05087,1436,22
13279,3305,108
05089,1032,30
13281,1178,54
05091,4212,37
13283,841,25
05093,5747,106
13285,7276,213
05095,862,17
13287,988,34
05097,750,32
13289,700,42
05099,817,24
13291,2151,68
05101,707,26
13293,3352,122
05103,2291,60
13295,7087,84
05105,824,10
13297,10319,245
05107,1737,37
13299,4755,167
05109,997,22
13301,513,16
05111,3114,76
13303,2123,77
05113,1961,70
13305,3463,83
05115,7860,106
13307,141,4
05117,887,21
13309,618,24
05119,38317,627
13311,3125,76
05121,2061,47
13313,16465,236
05123,3513,41
13315,822,46
05125,11724,165
13317,1065,25
05127,928,14
13319,917,27
05129,671,16
13321,1731,66
05131,15036,272
46083,8228,77
05133,2778,25
46085,625,10
05135,1550,45
46091,364,6
05137,982,29
46089,241,4
05139,3938,110
46093,2693,31
05141,1245,21
46095,257,2
05143,30202,343
46097,290,9
05145,7799,116
46099,29738,343
05147,633,12
46101,625,17
05149,3406,64
46102,2085,49
46103,13246,190
46105,352,14
46107,387,4
46109,1312,38
46111,337,3
46115,825,26
46117,340,2
46119,137,3
46121,1221,29
46123,739,17
46125,1133,53
46127,2137,41
46129,753,15
46135,2929,28
46137,340,9
38001,268,3
38003,1333,31
38005,1037,18
38007,53,0
38009,705,20
38011,400,5
38013,232,1
38015,14907,187
38017,22707,198
38019,426,5
38021,765,32
38023,173,2
38025,369,7
38027,461,6
38029,410,13
38031,572,19
38033,254,2
38035,10066,76
38037,191,7
38039,308,2
38041,323,4
38043,258,10
38045,505,17
38047,225,8
38049,617,22
38051,326,7
38053,1200,12
38055,1239,31
38057,1095,9
38059,5011,98
38061,1287,17
38063,464,14
38065,154,3
38067,785,11
38069,531,25
38071,1663,30
38073,633,17
38075,313,13
38077,1900,17
38079,2133,28
38081,441,6
38083,111,2
38085,642,11
38087,32,0
38089,4546,50
38091,174,2
38093,3330,79
38095,303,11
38097,1009,18
38099,1800,24
38101,9369,192
38103,438,8
38105,4613,37
30001,894,8
30003,2484,72
30005,729,24
30007,433,5
30009,853,13
30011,147,5
30013,8438,150
30015,494,5
30017,1170,16
30019,197,7
30021,1101,30
30023,1063,14
30025,279,2
30027,1086,29
30029,11396,82
30031,13243,58
30033,78,2
30035,1527,41
30037,54,2
30039,191,2
30041,1940,42
30043,1048,8
30045,90,1
30047,1982,26
30049,6560,71
30051,118,1
30053,1558,13
30055,183,1
30057,727,8
30059,126,7
30061,250,0
30063,8716,89
30065,322,8
30067,1189,15
30069,12,1
30071,517,16
30073,458,3
30075,118,6
30077,903,7
30079,138,2
30081,2874,30
30083,1107,15
30085,1589,52
30087,1191,44
30089,604,11
30091,416,5
30093,3960,82
30095,711,13
30097,381,7
30099,438,5
30101,711,10
30103,55,1
30105,866,11
30107,175,7
30109,119,6
30111,16672,246
22001,6296,190
22003,3094,91
22005,11541,159
22007,2138,35
22009,3998,121
22011,3019,72
22013,1631,80
22015,13276,289
22017,25146,722
22019,21220,396
22021,1093,26
22023,567,6
22025,1085,38
22027,1419,54
22029,1833,60
22031,2708,77
22033,37339,771
22035,1120,24
22037,3082,112
22039,3466,90
22041,2463,105
22043,2075,52
22045,6660,150
22047,3693,97
22049,1842,50
22051,45036,878
22053,3047,89
22055,22277,270
22057,9361,200
22059,1457,36
22061,4325,91
22063,12852,198
22065,1562,37
22067,2749,72
22069,3952,84
22071,29264,782
22073,17896,437
22075,2449,26
22077,2469,72
22079,11580,306
22081,866,38
22083,2391,52
22085,2859,58
22087,3933,48
22089,5297,90
22091,899,9
22093,1896,49
22095,3621,136
22097,8547,250
22099,5008,116
22101,4489,129
22103,25028,514
22105,12318,286
22107,358,8
22109,9855,218
22111,2339,77
22113,5096,110
22115,2963,101
22117,4277,127
22119,3982,109
22121,2650,57
22123,1169,41
22125,1143,33
22127,1495,42
55001,1794,15
55003,1274,16
55005,5679,76
55007,1178,19
55009,33812,271
55011,1361,7
55013,1372,23
55015,6213,50
55017,7370,95
55019,3562,63
55021,5557,68
55023,1732,17
55025,43511,312
55027,12413,183
55029,2733,26
55031,4398,47
55033,4765,30
55035,11585,117
55037,480,12
55039,13271,112
55041,1008,26
55043,5461,88
55045,3478,23
55047,1968,21
55049,2041,12
55051,685,40
55053,2638,28
55055,9141,127
55057,3148,23
55059,17468,319
55061,2611,30
55063,13184,80
55065,1654,8
55067,2104,45
55069,3159,87
55071,8526,86
55073,15335,218
55075,4412,68
55077,1509,27
55078,798,11
55079,110286,1303
55081,4485,35
55083,4799,56
55085,3647,74
55087,22569,215
55089,8812,88
55091,841,7
55093,4547,41
55095,4133,48
55097,7087,69
55099,1272,7
55101,23490,363
55103,1340,15
55105,16446,182
55107,1324,17
55109,8419,54
55111,5752,50
55113,1612,24
55115,5178,81
55117,14109,142
55119,2051,32
55121,3564,41
55123,1940,41
55125,2335,41
55127,11843,155
55129,1430,20
55131,16001,151
55133,46635,549
55135,5837,161
55137,2434,35
55139,20419,208
55141,7230,90
06001,83416,1423
06003,88,0
06005,3550,45
06007,11296,193
06009,1998,51
06011,2165,16
06013,65370,767
06015,1163,6
06017,9381,107
06019,99156,1609
06021,2816,25
06023,3476,36
06025,27471,711
06027,1374,37
06029,106239,1253
06031,22620,241
06033,3330,43
06035,5653,25
06037,1220217,23143
06039,16003,234
06041,13611,222
47001,8454,165
06043,410,7
47003,6226,125
06045,3941,46
47005,1571,40
06047,30593,436
47007,2068,11
06049,474,4
47009,14698,194
06051,1263,4
47011,14035,145
06053,42935,341
47013,4008,61
06055,9395,78
47015,1847,31
06057,4281,89
47017,3541,82
06059,266233,4744
47019,6214,156
06061,20952,274
47021,4261,50
06063,661,6
47023,2073,48
06065,294461,4315
47025,2977,74
06067,97717,1603
47027,1076,31
06069,5870,61
47029,4348,98
06071,290954,4343
47031,6696,120
06073,270350,3555
47033,1981,49
06075,35328,474
47035,6340,125
06077,69846,1301
47037,94369,896
06079,20505,256
47039,1562,38
06081,40385,547
47041,2726,53
06083,33174,441
47043,6506,107
06085,114570,1943
47045,5313,103
06087,15363,202
47047,4794,78
06089,11389,207
47049,2346,45
06091,50,0
47051,4991,87
06093,1878,16
47053,6289,143
06095,31194,232
47055,3858,98
06097,29255,311
47057,2519,49
06099,58969,1000
47059,7510,151
06101,9140,106
47061,1743,30
06103,4748,53
47063,8355,170
06105,317,5
47065,42572,477
06107,49054,815
47067,523,12
06109,4036,62
47069,3426,65
06111,79668,981
47071,3416,66
06113,13353,198
47073,5556,104
06115,5999,42
47075,2670,60
47077,3658,74
47079,3076,76
47081,2748,43
47083,1061,33
47085,1628,21
47087,1284,35
47089,5937,121
47091,2223,38
47093,49454,614
47095,1688,26
47097,3114,44
47099,5695,86
47101,1521,25
47103,4243,63
47105,5897,68
47107,6186,95
47109,2740,54
47111,3485,74
47113,10482,238
47115,3051,46
47117,4035,57
47119,12705,163
47121,1311,23
47123,5559,95
47125,18392,221
47127,985,17
47129,2393,39
47131,4438,96
47133,2926,60
47135,1054,28
47137,753,24
47139,1922,24
47141,10977,173
47143,4252,75
47145,6069,100
47147,9361,127
47149,40844,409
47151,2988,45
47153,1628,29
47155,12840,173
47157,91220,1569
47159,2687,37
47161,1279,27
47163,15417,281
47165,22555,337
47167,7120,104
47169,2458,22
47171,1874,49
47173,1823,34
47175,814,21
47177,5433,80
47179,13482,239
47181,2935,33
47183,3921,60
47185,3484,68
47187,26612,213
47189,17520,220
39001,2245,47
39003,11053,235
39005,4020,95
39007,6219,158
39009,4825,52
39011,4647,99
39013,5367,159
39015,3811,55
39017,36990,558
39019,1859,46
39021,3093,53
39023,13137,336
39025,19085,221
39027,3526,64
39029,8364,222
39031,2535,57
39033,3757,100
39035,101978,2003
39037,5148,124
39039,3883,102
39041,17400,136
39043,7252,184
39045,15170,195
39047,2747,48
39049,117832,1322
39051,3945,64
39053,2297,46
39055,6337,144
39057,14139,230
39059,2997,48
39061,76362,1151
39063,6368,122
39065,2578,63
39067,1037,36
39069,2568,65
39071,3421,58
39073,2045,57
39075,2486,104
39077,5139,118
39079,3000,56
39081,5073,144
39083,4237,108
39085,19238,354
39087,5386,98
39089,15698,202
39091,3668,76
39093,23229,459
39095,37894,767
39097,4076,57
39099,20233,575
39101,8225,137
39103,14349,254
39105,1382,37
39107,4643,101
39109,10335,206
39111,1257,39
39113,48755,978
39115,1042,34
39117,2689,39
39119,8514,131
39121,1313,42
39123,3418,77
39125,1662,38
39127,2825,49
39129,8296,119
39131,2259,30
39133,11812,192
39135,3634,93
39137,4089,101
39139,10694,206
39141,6477,144
39143,4975,117
39145,6195,104
39147,4943,114
39149,4499,88
39151,30637,885
39153,43243,957
39155,15025,465
39157,8257,238
39159,5423,52
39161,2343,60
39163,788,15
39165,23350,290
39167,4974,105
39169,8288,219
39171,3116,78
39173,12233,194
39175,2214,53
31001,2812,38
31003,492,6
31005,22,1
31007,35,0
31009,20,0
31011,559,5
31013,923,9
31015,174,3
31017,216,2
31019,5275,57
31021,650,11
31023,852,12
31025,2443,16
31027,751,12
31029,457,5
31031,272,6
31033,916,18
31035,675,11
31037,1564,20
31039,1021,11
31041,841,18
31043,3998,67
31045,723,19
31047,2847,31
31049,100,2
31051,595,8
31053,4787,58
31055,66689,682
31057,179,4
31059,485,10
31061,239,4
31063,191,1
31065,498,4
31067,2140,19
31069,112,1
31071,145,3
31073,181,5
31075,38,4
31077,210,2
31079,7612,112
31081,915,18
31083,215,0
31085,59,0
31087,253,4
31089,800,16
31091,52,2
31093,531,17
31095,633,1
31097,637,9
31099,673,5
31101,700,8
31103,51,0
31105,413,8
31107,859,12
31109,29636,224
31111,3651,52
31113,79,0
31115,40,0
31117,30,1
31119,4437,44
31121,758,15
31123,496,15
31125,392,10
31127,629,14
31129,430,1
31131,1372,9
31133,232,1
31135,279,11
31137,962,9
31139,608,20
31141,3929,47
31143,580,18
31145,1193,14
31147,706,18
31149,102,2
31151,1970,3
31153,21052,123
31155,2384,16
31157,4597,95
31159,1918,30
31161,492,19
31163,191,4
31165,36,0
31167,355,9
31169,481,4
31171,52,1
31173,825,11
31175,315,3
31177,2078,22
31179,1027,8
31181,370,4
31183,38,0
31185,1705,13
23001,5286,59
23003,1400,44
23005,13981,186
23007,987,13
23009,1050,35
23011,4300,58
23013,806,5
23015,657,2
23017,2541,56
23019,4611,88
23021,384,4
23023,979,6
23025,1375,27
23027,706,19
23029,764,15
23031,10676,126
15001,2517,53
15003,23463,366
15005,1,0
15007,194,1
15009,3604,40
56001,3970,11
56003,1111,32
56005,4741,60
56007,1516,23
56009,982,17
56011,424,12
56013,5070,82
56015,1169,23
56017,363,3
56019,715,10
56021,8614,110
56023,1354,12
56025,7817,135
56027,150,2
56029,2644,30
56031,610,11
56033,3079,31
56035,705,7
56037,4022,37
56039,3609,9
56041,2128,12
56043,890,26
56045,633,5
48001,6098,112
48003,1739,47
48005,8213,270
48007,1198,37
48009,791,12
48011,158,6
48013,5573,147
48015,2034,34
48017,817,19
48019,1331,27
48021,8851,91
48023,295,12
48025,3468,69
48027,21551,409
48029,205540,3308
48031,701,19
48033,31,2
48035,1636,33
48037,6825,203
48039,35505,449
48041,25189,235
48043,911,13
48045,139,5
48047,784,36
48049,4217,135
48051,2316,40
48053,4477,62
48055,5382,92
48057,2154,22
48059,1168,38
48061,38584,1577
48063,1205,42
48065,435,14
48067,1849,79
48069,923,30
48071,4632,48
48073,4099,135
48075,1345,17
48077,1021,16
48079,263,15
48081,472,12
48083,737,32
48085,86646,795
48087,289,9
48089,1642,27
48091,9686,309
48093,1519,51
48095,371,8
48097,3620,68
48099,7002,83
48101,190,7
48103,518,12
48105,575,15
48107,548,28
48109,356,8
48111,934,24
48113,291262,3864
48115,1717,68
48117,2760,64
48119,310,11
48121,71881,724
48123,1898,58
48125,160,10
48127,1771,30
48129,364,15
48131,1214,39
48133,1326,47
48135,16641,351
48137,247,6
48139,22139,307
48141,129495,2544
48143,4073,67
48145,2063,31
48147,3422,107
48149,2516,56
48151,292,14
48153,786,29
48155,120,10
48157,63354,632
48159,707,26
48161,1806,48
48163,2744,48
48165,1418,43
48167,37140,389
48169,398,22
48171,2496,48
48173,99,2
48175,442,13
48177,2680,56
48179,2053,54
48181,11066,337
48183,10891,344
48185,3544,66
48187,13925,204
48189,6077,153
48191,432,14
40001,3151,26
48193,755,26
40003,1155,5
48195,852,23
40005,1856,15
48197,368,12
40007,459,6
48199,5371,107
40009,2848,41
48201,377152,5803
40011,1016,9
48203,4666,104
40013,6039,59
48205,617,2
40015,3915,61
48207,439,27
40017,16434,106
48209,19040,236
40019,5937,65
48211,560,2
40021,5558,47
48213,5698,178
40023,1601,16
48215,83453,2766
40025,209,1
48217,4400,104
40027,29767,308
48219,2423,100
40029,689,14
48221,6414,123
40031,13059,148
48223,3019,107
40033,666,14
48225,1586,49
40035,1936,12
48227,4547,100
40037,6757,124
48229,513,11
40039,4058,73
48231,5498,163
40041,4526,66
48233,1652,71
40043,543,6
48235,123,1
40045,354,3
48237,605,16
40047,7696,89
48239,1734,31
40049,3539,56
48241,2379,86
40051,5809,88
48243,189,4
40053,548,7
48245,18893,393
40055,571,17
48247,606,16
40057,307,3
48249,4097,94
40059,410,4
48251,19307,359
40061,1240,11
48253,2774,53
40063,1207,20
48255,1887,34
40065,3027,47
48257,15499,243
40067,683,12
48259,3126,71
40069,1358,20
48261,36,2
40071,5244,86
48263,99,2
40073,2023,27
48265,4342,84
40075,805,16
48267,261,6
40077,828,10
48269,11,0
40079,5509,47
48271,340,6
40081,3161,58
48273,2512,88
40083,4122,34
48275,269,17
40085,1457,13
48277,5762,152
40087,5153,57
48279,2039,81
40089,3887,71
48281,2099,32
40091,1971,39
48283,1048,27
40093,949,13
48285,2389,75
40095,1978,13
48287,2115,38
40097,4126,43
48289,1588,42
40099,1957,23
48291,7412,171
40101,9238,114
48293,2690,73
40103,1370,16
48295,305,12
40105,1126,16
48297,1117,21
40107,1776,21
48299,1598,50
40109,83647,837
48301,1,0
40111,3676,53
48303,48591,777
40113,4592,57
48305,611,23
40115,3782,51
48307,566,19
40117,1752,35
48309,26122,461
40119,8571,52
48311,83,5
40121,4581,47
48313,1925,28
40123,5037,50
48315,525,33
40125,8140,86
48317,617,18
40127,1005,14
48319,393,6
40129,386,9
48321,3445,97
40131,10199,131
48323,10351,343
40133,2817,43
48325,4817,103
40135,4051,35
48327,208,9
40137,4768,73
48329,16943,263
40139,3490,27
48331,2437,45
40141,780,16
48333,650,21
40143,72684,794
48335,598,30
40145,7848,91
48337,2059,70
40147,5047,95
48339,49477,519
40149,1067,9
48341,2316,71
40151,1197,11
48343,853,33
40153,3129,21
48345,90,8
48347,4358,164
48349,5662,150
48351,587,34
48353,1524,50
48355,37100,748
48357,1065,25
48359,250,4
48361,8221,133
48363,2840,71
48365,1573,74
48367,15285,170
48369,1231,35
48371,1561,34
48373,3080,106
48375,17166,432
48377,806,24
48379,783,25
48381,16474,286
48383,376,8
32001,1961,49
48385,308,12
32003,234549,4108
48387,669,36
32005,2678,35
48389,1710,41
32007,4681,53
48391,634,20
32009,38,0
48393,59,1
32011,50,0
48395,2057,39
32013,1081,14
48397,11107,150
32015,444,9
48399,1269,37
32017,354,2
48401,3859,105
32019,2929,62
48403,509,43
32021,305,7
48405,553,32
32023,2854,100
48407,1155,34
48409,4187,145
32027,943,20
48411,813,23
32029,89,3
48413,233,6
32031,44106,661
48415,3381,62
32033,563,6
48417,256,5
48419,1594,66
48421,210,12
48423,19524,446
48425,1054,14
48427,9283,287
48429,770,25
48431,108,4
48433,156,6
48435,477,8
48437,789,17
48439,250869,3290
48441,15483,394
48443,75,2
48445,1686,54
48447,73,5
48449,3659,84
48451,16591,267
48453,79217,954
48455,711,23
48457,1254,37
48459,3207,69
48461,381,9
48463,3519,70
48465,7797,212
48467,4111,113
48469,8127,194
48471,8621,123
48473,3853,45
48475,1159,21
48477,3839,86
48479,43199,819
48481,3916,111
48483,497,10
48485,14835,369
48487,1890,55
48489,2549,86
48491,43184,449
48493,4294,66
48495,745,21
48497,7156,116
48499,3338,123
48501,865,27
48503,2135,44
48505,1760,31
48507,1844,43
24001,6531,202
24003,38908,566
24005,55891,1366
24009,3908,74
24011,2120,22
24013,8265,217
24015,5349,126
24017,9726,173
24019,2469,48
24021,18192,301
24023,1905,62
24025,14057,255
24027,17276,226
24029,1222,44
24031,66750,1472
24033,78040,1388
24035,2710,41
24037,5409,122
24039,2480,37
24041,1958,36
24043,13248,263
24045,7082,149
24047,3382,93
16001,49205,449
16003,336,4
16005,8414,99
16007,369,2
16009,646,9
16011,4680,69
16013,2267,17
16015,323,2
16017,3098,39
16019,14097,157
16021,843,10
16023,205,1
16025,71,0
16027,25587,287
16029,657,12
16031,2901,26
16033,56,0
16035,1029,12
16037,242,3
16039,1775,13
16041,1162,16
16043,1083,14
16045,1732,35
16047,1286,24
16049,1195,17
16051,2816,22
16053,2537,23
16055,17197,193
16057,2917,8
16059,517,9
16061,385,9
16063,494,11
16065,6867,23
16067,2314,32
16069,3479,53
16071,347,4
16073,1038,27
16075,2453,33
16077,658,9
16079,1047,34
16081,1158,4
16083,9139,127
16085,827,7
16087,1198,21
32510,6174,122
08001,52312,641
08003,1347,30
08005,53017,716
08007,748,1
08009,278,4
08011,1484,21
08013,20708,250
08014,4187,74
08015,1503,25
08017,126,6
08019,402,2
08021,460,10
08023,203,2
08025,2140,14
08027,173,1
08029,2542,60
08031,64387,786
08033,69,0
08035,24288,234
08037,5738,22
08039,1421,12
08041,56653,758
49001,754,7
08043,5647,53
49003,5066,50
08045,5414,39
49005,15524,44
08047,188,3
49007,1588,15
08049,1335,6
49009,38,0
08051,1252,6
49011,36194,158
08053,17,0
49013,1175,9
08055,335,17
49015,912,9
08057,52,0
49017,466,10
08059,40391,733
49019,739,3
08061,92,3
49021,5374,34
08063,586,11
49023,1251,12
08065,699,1
49025,647,5
08067,3330,37
49027,1411,12
08069,22286,227
49029,1189,11
08071,1040,11
49031,100,2
08073,1005,4
49033,142,0
08075,3830,65
49035,143774,824
08077,13712,209
49037,1852,37
08079,86,1
49039,3664,21
08081,699,22
49041,2133,13
08083,1798,23
49043,5319,11
08085,3328,57
49045,6904,40
08087,2535,92
49047,2506,20
08089,1885,63
49049,92952,365
08091,275,3
49051,4477,21
08093,609,5
49053,20522,204
08095,350,13
49055,126,0
08097,2432,4
49057,27724,187
08099,1169,21
08101,15830,366
08103,523,4
08105,756,13
08107,2069,19
08109,334,4
08111,44,0
08113,849,0
08115,201,2
08117,3392,7
08119,1419,14
08121,436,12
08123,27531,326
08125,839,17
24510,44651,944
